カテゴリ名,カテゴリ名（フル）,カテゴリID
その他,メンズ > その他,puaRCidQs8nVVNcXWbpgoZ
その他,インテリア・住まい・小物 > その他,Cp2n9znorNXcNStgXdokAe
その他,ハンドメイド > その他,DuQL2pZ5ZrEiYkUfu9NGpY
その他,その他 > その他,4dUmVbDti7ugFbyNBm83mA
Tシャツ/カットソー(半袖/袖なし),レディース > トップス > Tシャツ/カットソー(半袖/袖なし),hqE9TkEhsY6PB5BMBcTrza
Tシャツ/カットソー(七分/長袖),レディース > トップス > Tシャツ/カットソー(七分/長袖),FogBtEZPucsQywc7siacyV
シャツ/ブラウス(半袖/袖なし),レディース > トップス > シャツ/ブラウス(半袖/袖なし),HdJJEC5h4yxHDszBGCSfMQ
シャツ/ブラウス(七分/長袖),レディース > トップス > シャツ/ブラウス(七分/長袖),bnNoE4mRonxaDGbH6pvKzM
ポロシャツ,レディース > トップス > ポロシャツ,TZW4rQqD8EHGTZVwi9Pz9F
キャミソール,レディース > トップス > キャミソール,XsSyRWUQA9CdFRQcMRSesF
タンクトップ,レディース > トップス > タンクトップ,5D4vmmC7R9ztYVmAFtPdQH
ホルターネック,レディース > トップス > ホルターネック,4ffZitpE2GrVDTqEjZuMwW
ニット/セーター,レディース > トップス > ニット/セーター,kepvy4qu9SS8YC3KDYQuxP
チュニック,レディース > トップス > チュニック,XV8bkomwTUMgZEvbBQRyAR
カーディガン/ボレロ,レディース > トップス > カーディガン/ボレロ,N22zMmAqKabCxefUPaxgkN
アンサンブル,レディース > トップス > アンサンブル,HWRYybgXASumbhNhFjvnrM
ベスト/ジレ,レディース > トップス > ベスト/ジレ,ogvkVtfzjcpPqMbLtCZ4EM
パーカー,レディース > トップス > パーカー,6TjwiNRyiuge7M76A7bdxh
トレーナー/スウェット,レディース > トップス > トレーナー/スウェット,9dWkaZBQBfqdw3F29xz499
ベアトップ/チューブトップ,レディース > トップス > ベアトップ/チューブトップ,RTXGKnQEgvGCU6axTyqesZ
ジャージ,レディース > トップス > ジャージ,eqgdhANyyZsDCtHqZ8PPwC
その他,レディース > トップス > その他,JGHhfXa9tmZDGHXxtQ6Rf
テーラードジャケット,レディース > ジャケット/アウター > テーラードジャケット,XT7qsLhbYHSTihCordKxTV
ノーカラージャケット,レディース > ジャケット/アウター > ノーカラージャケット,9CQ8E8SWWWMkbeh4bXsaAj
Gジャン/デニムジャケット,レディース > ジャケット/アウター > Gジャン/デニムジャケット,e8K2zh2JDxS2NYfzusDLe3
レザージャケット,レディース > ジャケット/アウター > レザージャケット,YgdSK8dpff37cDTAniJaXa
ダウンジャケット,レディース > ジャケット/アウター > ダウンジャケット,DBAy9txMgbnNK39rXwpx7E
ライダースジャケット,レディース > ジャケット/アウター > ライダースジャケット,c4QifeiGdxWzSNwU3VuL5M
ミリタリージャケット,レディース > ジャケット/アウター > ミリタリージャケット,QtVhmU7piMpCiPSNYKoPKH
ダウンベスト,レディース > ジャケット/アウター > ダウンベスト,QdTCwYZ7vEYNCU5JXGKzyX
ジャンパー/ブルゾン,レディース > ジャケット/アウター > ジャンパー/ブルゾン,Yp5ejhogkyRUc5FnSSbuRN
ポンチョ,レディース > ジャケット/アウター > ポンチョ,FBW7iirFZvRdVDtPyUn8VC
スタジャン,レディース > ジャケット/アウター > スタジャン,Q8gXXvcy3jVVXzNX562kUF
スカジャン,レディース > ジャケット/アウター > スカジャン,dzeXjPtpsCxxv7CKFQfVUd
ロングコート,レディース > ジャケット/アウター > ロングコート,gvZjsVfxSzcChLYrMvojMH
トレンチコート,レディース > ジャケット/アウター > トレンチコート,GkyBZA2avtyYSE2Ztvr2UX
ダッフルコート,レディース > ジャケット/アウター > ダッフルコート,p3CfSrPQJTAvGrGgBwn2YT
ピーコート,レディース > ジャケット/アウター > ピーコート,8ceyxPPqCbJuQzHVQgRvTX
毛皮/ファーコート,レディース > ジャケット/アウター > 毛皮/ファーコート,PoHutBFYFiNhcZXAVem9H6
スプリングコート,レディース > ジャケット/アウター > スプリングコート,CM78tpt2SSDfb5tDgcaJFd
その他,レディース > ジャケット/アウター > その他,P4FC5p6YRE9vJWi5hf3wV9
デニム/ジーンズ,レディース > パンツ > デニム/ジーンズ,3UabANtnthQfcwzDgt2fdE
ショートパンツ,レディース > パンツ > ショートパンツ,jQx7B5umjYonCpQ3qRi3j
カジュアルパンツ,レディース > パンツ > カジュアルパンツ,pvEukMpP42ef6KhPgDjVSU
ハーフパンツ,レディース > パンツ > ハーフパンツ,Xn3Tr9QjrP8bpsLshQrgGa
チノパン,レディース > パンツ > チノパン,Nen83N7LHtpCWgwuqSLFcL
ワークパンツ/カーゴパンツ,レディース > パンツ > ワークパンツ/カーゴパンツ,kiwVA25Vwvge3AL4k9oRs4
クロップドパンツ,レディース > パンツ > クロップドパンツ,SmFZC9KB3LGWLuxQde5Tdh
サロペット/オーバーオール,レディース > パンツ > サロペット/オーバーオール,SgpmcQKN4HhGMyxAnSoAo8
オールインワン,レディース > パンツ > オールインワン,nZd7YKekj9YUEK7B5UgvMY
サルエルパンツ,レディース > パンツ > サルエルパンツ,GPyBhq7KUfKsjUWbYXrEUV
その他,レディース > パンツ > その他,GWbVygDD5tge9dYbbKtmG6
ミニスカート,レディース > スカート > ミニスカート,aX3c25iuqdUtKLpsiqccrj
ひざ丈スカート,レディース > スカート > ひざ丈スカート,v8BwRtrSFWhrAMScTS8guS
ロングスカート,レディース > スカート > ロングスカート,mG85aeMh9c9gH9UVd3wxyX
キュロット,レディース > スカート > キュロット,dm63cw2caTCqde6AQsPC57
その他,レディース > スカート > その他,yHgN82xDgNJjvUUomqSbof
ミニワンピース,レディース > ワンピース > ミニワンピース,9fY4xPsdoykcQbhiLndrCT
ひざ丈ワンピース,レディース > ワンピース > ひざ丈ワンピース,zYmXSKaPKNmbPHfqJXYkiV
ロングワンピース,レディース > ワンピース > ロングワンピース,ZTXuvfPZcFPMxJLXKLcLAW
その他,レディース > ワンピース > その他,GVNNhJkByzzvoHKejXCTNn
ハイヒール/パンプス,レディース > 靴 > ハイヒール/パンプス,7VjKHmWHEM7RG79vuSL5ZD
ブーツ,レディース > 靴 > ブーツ,2GNXK8DUrXzejzPUMky2J9
サンダル,レディース > 靴 > サンダル,C2uZx8r2MewoyYjAd2Mitn
スニーカー,レディース > 靴 > スニーカー,ubutU7aa765gBvTDVFQtRQ
ミュール,レディース > 靴 > ミュール,i4CbbTV84BDjg7FD3p8H6M
モカシン,レディース > 靴 > モカシン,S3xCd9vWpFWJtPtjivJZL3
ローファー/革靴,レディース > 靴 > ローファー/革靴,ssgJcpAvymnUD9QjmLTk3Q
フラットシューズ/バレエシューズ,レディース > 靴 > フラットシューズ/バレエシューズ,rKdM5eUKwdrPEXbGRSvsmX
長靴/レインシューズ,レディース > 靴 > 長靴/レインシューズ,HsRfqGGc5AjE8233itGSo3
その他,レディース > 靴 > その他,bxkAxR2ubuNfKtjQjHPPrd
パジャマ,レディース > ルームウェア/パジャマ > パジャマ,2ATudWY7xdGpB8URCFgWPM
ルームウェア,レディース > ルームウェア/パジャマ > ルームウェア,48dfuGZ4gszqMYHzNVbWjU
ソックス,レディース > レッグウェア > ソックス,kz3NUar2875iJ3US8imwPe
スパッツ/レギンス,レディース > レッグウェア > スパッツ/レギンス,3RwfktByJ2xpU6Ek3u5VaD
ストッキング/タイツ,レディース > レッグウェア > ストッキング/タイツ,xuW43QU3VsYa3Wv66JXnWn
レッグウォーマー,レディース > レッグウェア > レッグウォーマー,Di6yQLv77FZ7xbwvn97Nx9
その他,レディース > レッグウェア > その他,LDPC2ia7hszEeDiA9S7tem
ニットキャップ/ビーニー,レディース > 帽子 > ニットキャップ/ビーニー,RFLxqCLFMpgK6YsnYDLcXM
ハット,レディース > 帽子 > ハット,FobY4HT9YGpEHPBMrCWypk
ハンチング/ベレー帽,レディース > 帽子 > ハンチング/ベレー帽,c7U6pFRQJsGkQgkcCf9665
キャップ,レディース > 帽子 > キャップ,4kJysKJfnPRQFpuArnsEh
キャスケット,レディース > 帽子 > キャスケット,pV5K58VfPriq8LCZuV2gHc
麦わら帽子,レディース > 帽子 > 麦わら帽子,ZdoD8iRRfd69hXeiDuvTaC
その他,レディース > 帽子 > その他,hqKecYqiNudrTsGEEjq7bG
ハンドバッグ,レディース > バッグ > ハンドバッグ,pHZBy2EwwUszKWsuVvQ25E
トートバッグ,レディース > バッグ > トートバッグ,tWdNTx75q8tqX35oKGxiK9
エコバッグ,レディース > バッグ > エコバッグ,bKdBFSbJ8dhWbdxuYvYyfe
リュック/バックパック,レディース > バッグ > リュック/バックパック,jU7iBHkHhvivQkSSyLx68N
ボストンバッグ,レディース > バッグ > ボストンバッグ,Tw4Rw75rvHhfJGegaULivQ
スポーツバッグ,レディース > バッグ > スポーツバッグ,sHWsR9HVnDxz6ibPcjGtki
ショルダーバッグ,レディース > バッグ > ショルダーバッグ,t2a4VJtr294w6hf4ssWHJA
クラッチバッグ,レディース > バッグ > クラッチバッグ,fJGVmRT9PTsZJHLLTTHtRa
ポーチ/バニティ,レディース > バッグ > ポーチ/バニティ,5CjBMfCto6RgvgdZHAErc
ボディバッグ/ウェストバッグ,レディース > バッグ > ボディバッグ/ウェストバッグ,TaVRc3TpFWBxmVAuzZSabW
マザーズバッグ,レディース > バッグ > マザーズバッグ,APZkgFoE6W9ufKbs72cCF6
メッセンジャーバッグ,レディース > バッグ > メッセンジャーバッグ,YDPQm2TpmjkvahKba5o5Bd
ビジネスバッグ,レディース > バッグ > ビジネスバッグ,5zVA9zZNfLARWGuytusCs6
旅行用バッグ/キャリーバッグ,レディース > バッグ > 旅行用バッグ/キャリーバッグ,5iWsn24UMbPf3MMMYBLhyT
ショップ袋,レディース > バッグ > ショップ袋,VpHcm8kTDaHaxztGpdGqEf
和装用バッグ,レディース > バッグ > 和装用バッグ,CUDoKNkRcQTRnfAq8Uq67Z
かごバッグ,レディース > バッグ > かごバッグ,PAUbqak9ykwBG3sdasdSjP
その他,レディース > バッグ > その他,vxJ86yjw8vgupKaBL8Wk9G
ネックレス,レディース > アクセサリー > ネックレス,zvtWqSXCz3wcfJXhXMMzpH
ブレスレット,レディース > アクセサリー > ブレスレット,5QS8Xn9piX5nmMA7VyKyx4
バングル/リストバンド,レディース > アクセサリー > バングル/リストバンド,Jnmu2XD9dwYHTMtpoNSqEb
リング,レディース > アクセサリー > リング,YQNr6CjTGBAtfKLqsP5J8Q
ピアス(片耳用),レディース > アクセサリー > ピアス(片耳用),2sxitDNNo6c5WcTR7Qc3JS
ピアス(両耳用),レディース > アクセサリー > ピアス(両耳用),fqTdii4H6KBMFE3txm79TR
イヤリング,レディース > アクセサリー > イヤリング,iiexMGKaaBzWsADe4xgjxH
アンクレット,レディース > アクセサリー > アンクレット,cE8tjjssKCJVJKc3H6KU6N
ブローチ/コサージュ,レディース > アクセサリー > ブローチ/コサージュ,TXig4DaBUxndgJSg65NXTM
チャーム,レディース > アクセサリー > チャーム,7fqkgKDeiSYQZgKn9R5RgM
その他,レディース > アクセサリー > その他,49C9bCVWohpRLNQ6ouUQJd
ヘアゴム/シュシュ,レディース > ヘアアクセサリー > ヘアゴム/シュシュ,ZjWUWTQfRTfkJLiG9gJvAm
ヘアバンド/カチューシャ,レディース > ヘアアクセサリー > ヘアバンド/カチューシャ,ZwJhbesg2XRYz5mFv84Z7B
ヘアピン,レディース > ヘアアクセサリー > ヘアピン,5Qr5iSSKnWnFZcVppAZHu8
その他,レディース > ヘアアクセサリー > その他,ANYZa34jaQnaxfm5CtPBkF
長財布,レディース > 小物 > 長財布,bLy6HMnzajF2nATYKiVF5m
折り財布,レディース > 小物 > 折り財布,TAUHzyom8C63PVkLihe5tP
コインケース/小銭入れ,レディース > 小物 > コインケース/小銭入れ,ZfznM4zikKTZESzT4Jn8D8
名刺入れ/定期入れ,レディース > 小物 > 名刺入れ/定期入れ,892aBpiVu4bUSYtdE7VX48
キーケース,レディース > 小物 > キーケース,tvhEEgixYHYPPeec6yyj54
キーホルダー,レディース > 小物 > キーホルダー,DSRexzWpDYdbyDv5kAYcr9
手袋/アームカバー,レディース > 小物 > 手袋/アームカバー,TycFdgNYRbDvpk2UQBgk7f
ハンカチ,レディース > 小物 > ハンカチ,AUwMPe3FTPVJCNworF44FJ
ベルト,レディース > 小物 > ベルト,UFxz2PyiwDvyaxLcEvk5Tg
マフラー/ショール,レディース > 小物 > マフラー/ショール,ihbZJ7Aa7edwbS6hFMmjFS
ストール/スヌード,レディース > 小物 > ストール/スヌード,r5bbz7EHZVFnXwG2Ko4PNo
バンダナ/スカーフ,レディース > 小物 > バンダナ/スカーフ,rwG7wffVQtcjYCbPFRCScD
ネックウォーマー,レディース > 小物 > ネックウォーマー,ZTfaBQ4Md766PVJvansVDd
サスペンダー,レディース > 小物 > サスペンダー,FDy39gF4REViXy6r85GowY
サングラス/メガネ,レディース > 小物 > サングラス/メガネ,o75WnQzLPpH6xNaHD5PZdT
モバイルケース/カバー,レディース > 小物 > モバイルケース/カバー,j6t8qVq4DANMujZNiQPjGj
手帳,レディース > 小物 > 手帳,LND2oXuAfEmeA3eNcMUg9T
イヤマフラー,レディース > 小物 > イヤマフラー,6dnTDKHUUfzuknaxnPTzyR
傘,レディース > 小物 > 傘,w2T8vUbBwGJ8nvoDrVSsfW
レインコート/ポンチョ,レディース > 小物 > レインコート/ポンチョ,bEhLecZ3PGKvmg39mXKvqT
ミラー,レディース > 小物 > ミラー,TNrRvXVGgojiX5UnF6pqt3
タバコグッズ,レディース > 小物 > タバコグッズ,dzzsauwED47YYBHivQq256
その他,レディース > 小物 > その他,gPhKYRBhiaGCsnuwoXXBnd
腕時計(アナログ),レディース > 時計 > 腕時計(アナログ),kAChquvUHHHEDd6giHbff3
腕時計(デジタル),レディース > 時計 > 腕時計(デジタル),AGA8Nah8fVEtqJW7f2BiAN
ラバーベルト,レディース > 時計 > ラバーベルト,F97vHPHHHme5T6Rc96SX5g
レザーベルト,レディース > 時計 > レザーベルト,hScuJkTVNZBwPQBjQmRpjb
金属ベルト,レディース > 時計 > 金属ベルト,YnX5LGjCRDQGbeMpq225h6
その他,レディース > 時計 > その他,yHSY78hoY72AfCdymbLveG
前髪ウィッグ,レディース > ウィッグ/エクステ > 前髪ウィッグ,xwAYdnS4ZeqEVHC5KLpgoH
ロングストレート,レディース > ウィッグ/エクステ > ロングストレート,32nCBzBMPQgSdDhf2oXLCV
ロングカール,レディース > ウィッグ/エクステ > ロングカール,F7uDTHaKV73kYwnzuwjTCg
ショートストレート,レディース > ウィッグ/エクステ > ショートストレート,5Z99BYKbnmDUujstQ5j6QJ
ショートカール,レディース > ウィッグ/エクステ > ショートカール,3V5visg79EmAFKyu5WPPdH
その他,レディース > ウィッグ/エクステ > その他,N3UawakijRrzJoism4V37j
浴衣,レディース > 浴衣/水着 > 浴衣,PJ9mY3JtdfrR2ZCw5fuebd
着物,レディース > 浴衣/水着 > 着物,cxy7xtBMwGfccvmALPXpER
振袖,レディース > 浴衣/水着 > 振袖,mXdL8G9YUJmgXKXkHmQigY
長襦袢/半襦袢,レディース > 浴衣/水着 > 長襦袢/半襦袢,VqRFSiRdk4eA4FP4yroeJo
水着セパレート,レディース > 浴衣/水着 > 水着セパレート,JhSABNMCoArgtgDVmkZdV7
水着ワンピース,レディース > 浴衣/水着 > 水着ワンピース,qnkpu42EYjVjujUoHc23oe
水着スポーツ用,レディース > 浴衣/水着 > 水着スポーツ用,8uqH2twqedwxSkanuWk32f
その他,レディース > 浴衣/水着 > その他,UesgqTCixfxesnPVLu4nCn
パンツスーツ上下,レディース > スーツ/フォーマル/ドレス > パンツスーツ上下,bd3nMgdUvqvxXTVW7jviVd
ドレス,レディース > スーツ/フォーマル/ドレス > ドレス,prw5dQjx5gCxZvKLyFwjd4
パーティーバッグ,レディース > スーツ/フォーマル/ドレス > パーティーバッグ,Eu2Q6a2t2YaXEhqSjTpWD8
シューズ,レディース > スーツ/フォーマル/ドレス > シューズ,7PcNCrVtBbNKPcAkg2tuaG
その他,レディース > スーツ/フォーマル/ドレス > その他,YcKBxJtUEpzG4wRWt9kJSQ
トップス,レディース > マタニティ > トップス,65FCswzezVncuwq9FmmZPG
アウター,レディース > マタニティ > アウター,5SZgnNX2VkgSTXSQiY8j4d
インナー,レディース > マタニティ > インナー,RW9B6Vo2qFLLPeMjP2QkQk
ワンピース,レディース > マタニティ > ワンピース,Goz9LZGA3huyA6mQnftc4E
パンツ/スパッツ,レディース > マタニティ > パンツ/スパッツ,gQ2zBLhxahDrSyAgw9hGuK
スカート,レディース > マタニティ > スカート,4o32smqAkgvvgfWytex8k4
パジャマ,レディース > マタニティ > パジャマ,s6CKhavm4goXF5A6PhmEZK
授乳服,レディース > マタニティ > 授乳服,TxCEPzKy3zTpQ8qRWq2HYC
その他,レディース > マタニティ > その他,6LCNLkEPquEveELyLfTTEd
コスプレ,レディース > その他 > コスプレ,kwJ3KY3zrgqZ9VSox6bjeP
その他,レディース > その他 > その他,JK5R2kuG8EitLjixMspKQe
Tシャツ/カットソー(半袖/袖なし),メンズ > トップス > Tシャツ/カットソー(半袖/袖なし),hNG2HERAh5ZhG65ZGDpLgi
Tシャツ/カットソー(七分/長袖),メンズ > トップス > Tシャツ/カットソー(七分/長袖),HnWGD24k34ewFAKDSzN5mK
シャツ,メンズ > トップス > シャツ,gsX2oSDGF3r8G98UhV2WPa
ポロシャツ,メンズ > トップス > ポロシャツ,WEMcXPx2ZQYtqU5pxLgg4d
タンクトップ,メンズ > トップス > タンクトップ,ArNgp69uXiiGXmv3gWQNnG
ニット/セーター,メンズ > トップス > ニット/セーター,2ZjrejSddE4pgzqyCXVCoV
パーカー,メンズ > トップス > パーカー,xL5s8xdTt4KUw72R7aYdK7
カーディガン,メンズ > トップス > カーディガン,FTFdkbE27x3pk2vShtvbnD
スウェット,メンズ > トップス > スウェット,7UsTYoS2vU9qVuXZjySMo6
ジャージ,メンズ > トップス > ジャージ,rQvbXRe4yEuce8TouPR8pC
ベスト,メンズ > トップス > ベスト,6LFLTCdgsYf5NTpxkrW5TM
その他,メンズ > トップス > その他,3aQcahW5CC8LUAgs4joU2h
テーラードジャケット,メンズ > ジャケット/アウター > テーラードジャケット,HaLMJwJoH4XtpFgMEqYjTF
ノーカラージャケット,メンズ > ジャケット/アウター > ノーカラージャケット,jEhZZf9kqDdhzCdFWHYuPc
Gジャン/デニムジャケット,メンズ > ジャケット/アウター > Gジャン/デニムジャケット,McKkk2VxSaQEo6y7DkQGh4
レザージャケット,メンズ > ジャケット/アウター > レザージャケット,VgW7abpHP97NwLKKDzLUvW
ダウンジャケット,メンズ > ジャケット/アウター > ダウンジャケット,BjTyZzjkroU5FTorZP5PEm
ライダースジャケット,メンズ > ジャケット/アウター > ライダースジャケット,uffEUKwGvfQQeRkjcAgVUB
ミリタリージャケット,メンズ > ジャケット/アウター > ミリタリージャケット,gRZxetquVXWktSjvhrAQnh
ナイロンジャケット,メンズ > ジャケット/アウター > ナイロンジャケット,rQSCkWa5EwZs2iV5YquzzW
フライトジャケット,メンズ > ジャケット/アウター > フライトジャケット,rZJAT2gSrVMnq7v9vKkBEE
ダッフルコート,メンズ > ジャケット/アウター > ダッフルコート,9MukDqKi3dVFSqc3qqTCDf
ピーコート,メンズ > ジャケット/アウター > ピーコート,dKaasANPjKhUExptnQgw6E
ステンカラーコート,メンズ > ジャケット/アウター > ステンカラーコート,fautVE83TCzxiPUzNowf4b
トレンチコート,メンズ > ジャケット/アウター > トレンチコート,ihghvW2ks49MgHGqZeEWqb
モッズコート,メンズ > ジャケット/アウター > モッズコート,NcwuewbvLG7BLfrKr5VgCa
スタジャン,メンズ > ジャケット/アウター > スタジャン,7Ut7smnDQTS9g5BTBt4o9f
スカジャン,メンズ > ジャケット/アウター > スカジャン,7Jc5brQrWRLXAQJyNpMjTi
ブルゾン,メンズ > ジャケット/アウター > ブルゾン,N2QrX9RpeowC6G2fLugyYj
ポンチョ,メンズ > ジャケット/アウター > ポンチョ,BsSJFmekezoQqmvFwx48zg
マウンテンパーカー,メンズ > ジャケット/アウター > マウンテンパーカー,ECGavS4rSRZaFjeGtsdi6C
カバーオール,メンズ > ジャケット/アウター > カバーオール,tG6yt7FGXCJg9SubqKFDBJ
ダウンベスト,メンズ > ジャケット/アウター > ダウンベスト,JGKdWLZ9c2xhYCrbNXvFzc
その他,メンズ > ジャケット/アウター > その他,JHPbAxd8QnMmyWeZbpnjCR
デニム/ジーンズ,メンズ > パンツ > デニム/ジーンズ,4zBgCMdGLd679M8T4coUjj
ワークパンツ/カーゴパンツ,メンズ > パンツ > ワークパンツ/カーゴパンツ,nVzEHmeq7374Mt2eYqzsU7
スラックス,メンズ > パンツ > スラックス,pJzwdAmV6tHa32jdy79wJM
チノパン,メンズ > パンツ > チノパン,m2yJx2STNjHZYC7RQvpo2H
ショートパンツ,メンズ > パンツ > ショートパンツ,bCv8av8oBHb3Yg8M3Y2apF
ペインターパンツ,メンズ > パンツ > ペインターパンツ,vaqmvdVad4AoTerAVDNxYA
サルエルパンツ,メンズ > パンツ > サルエルパンツ,fY7ooMWFNfucdHAbBfNDC8
オーバーオール,メンズ > パンツ > オーバーオール,67QSGVR9NGQPCPZsAFb2o3
その他,メンズ > パンツ > その他,VzoyDjYf6oSPVLqf9hKAiF
スニーカー,メンズ > 靴 > スニーカー,aDmEsAeamH76aVfri9JyTF
サンダル,メンズ > 靴 > サンダル,PNLmL2NRyHG2YsswLY95v
ブーツ,メンズ > 靴 > ブーツ,e8sR5jgpSxao74D8USVsYF
モカシン,メンズ > 靴 > モカシン,hfsvPq2yj8rZtsHNYqZJEk
ドレス/ビジネス,メンズ > 靴 > ドレス/ビジネス,kxo3j7ktD2wDje59yvTD64
長靴/レインシューズ,メンズ > 靴 > 長靴/レインシューズ,LJPY78sNGjr86sCiuX9Zy3
その他,メンズ > 靴 > その他,QxK3BpKE5ioaxAaLToCtJL
ショルダーバッグ,メンズ > バッグ > ショルダーバッグ,NctUvatTEQn647eHGy2J7j
トートバッグ,メンズ > バッグ > トートバッグ,ZvehNburEHXvukZTRmFWiK
ボストンバッグ,メンズ > バッグ > ボストンバッグ,SGJgCjfbVT3Yv3URAXJzZX
リュック/バックパック,メンズ > バッグ > リュック/バックパック,Vm57do2bTVC5wNDcpBrYuM
ウエストポーチ,メンズ > バッグ > ウエストポーチ,NRU47vBgty3wnVpHuTfYGg
ボディーバッグ,メンズ > バッグ > ボディーバッグ,WrMwqBtXiHZsyoehiD634G
ドラムバッグ,メンズ > バッグ > ドラムバッグ,dZBAY2h7mLKvmviYDkdGN
ビジネスバッグ,メンズ > バッグ > ビジネスバッグ,pg8hgzb3rq6GNYgNtfbWGc
トラベルバッグ,メンズ > バッグ > トラベルバッグ,oaRD8SorG7tSgWWrME7Nz5
メッセンジャーバッグ,メンズ > バッグ > メッセンジャーバッグ,DE87QEEaMCKe2tJ39qLvgW
エコバッグ,メンズ > バッグ > エコバッグ,shLPjBP8om8cC9Bf3cPc8o
その他,メンズ > バッグ > その他,DXwu89HxEJq3gjFDpULSJA
スーツジャケット,メンズ > スーツ > スーツジャケット,h4TsNpZhCF36eUs3Vtdmhg
スーツベスト,メンズ > スーツ > スーツベスト,kk86shqwPSf4NCnSfCUkwn
スラックス,メンズ > スーツ > スラックス,sz4mHZmLyeCzU6XjzjTEoQ
セットアップ,メンズ > スーツ > セットアップ,nX7Uc58icjzekhkzt6KcNJ
その他,メンズ > スーツ > その他,g56dkSQLsX3FYr5y5j9YsW
キャップ,メンズ > 帽子 > キャップ,jKEkUJdnJShU7ufEAZBKWC
ハット,メンズ > 帽子 > ハット,LgK6gcdFiXpZX8BLwHmmib
ニットキャップ/ビーニー,メンズ > 帽子 > ニットキャップ/ビーニー,TxscXRtKrf8ELYVqRKN4CF
ハンチング/ベレー帽,メンズ > 帽子 > ハンチング/ベレー帽,peQuagYxxhv7E9SofgDDsH
キャスケット,メンズ > 帽子 > キャスケット,z7n5a93qLvk957c2iLiBP6
サンバイザー,メンズ > 帽子 > サンバイザー,ZnD4H6b8fomydh7i4Zy577
その他,メンズ > 帽子 > その他,DJySvz7ktbxCUy9RzoNZnK
ネックレス,メンズ > アクセサリー > ネックレス,hJGepZ3iY8gAP9enME3KrB
ブレスレット,メンズ > アクセサリー > ブレスレット,2NNqhPPGiQKn4p6pFJBK4N
バングル/リストバンド,メンズ > アクセサリー > バングル/リストバンド,ZaqrECRgvy5Tm8nXDnPEda
リング,メンズ > アクセサリー > リング,kK6kuarnUxFTVWxv2MF66b
ピアス(片耳用),メンズ > アクセサリー > ピアス(片耳用),Diq2Po39sjEZuPDz6QcxRB
ピアス(両耳用),メンズ > アクセサリー > ピアス(両耳用),XH3wrtWufLoPkN5ktaXPBg
アンクレット,メンズ > アクセサリー > アンクレット,jiUdgnYMWg6LcQ6FmKNasU
その他,メンズ > アクセサリー > その他,mL4WwNhsir2UQ9e3dhVPve
長財布,メンズ > 小物 > 長財布,ETimoyZJh7EQaHL3SBKNeU
折り財布,メンズ > 小物 > 折り財布,ggt4VnCz4c5ArJjSMnT9Wg
マネークリップ,メンズ > 小物 > マネークリップ,mDVX3uA7vzRbcvuqoSsfNJ
コインケース/小銭入れ,メンズ > 小物 > コインケース/小銭入れ,bgBx4Kx4TkTPyCED97AVfj
名刺入れ/定期入れ,メンズ > 小物 > 名刺入れ/定期入れ,p4zuUC253EWbnuEz7hapbi
キーケース,メンズ > 小物 > キーケース,Y6BzWZoA9VtbyYjeRzhnSL
キーホルダー,メンズ > 小物 > キーホルダー,szdrpAhwmUrAgz26neEvtf
ネクタイ,メンズ > 小物 > ネクタイ,PFqXGHy9sKrNiZxxt2A2g3
手袋,メンズ > 小物 > 手袋,D6Sy2XLcgErYk9QDF9LkFj
ハンカチ,メンズ > 小物 > ハンカチ,NhCXqZQmcP4FrmYsPzDkTF
ベルト,メンズ > 小物 > ベルト,uUj69RNLzFSns9GwU5Fcme
マフラー,メンズ > 小物 > マフラー,aLoqu4Lnh94smJ5KRdTb4Z
ストール,メンズ > 小物 > ストール,ASJdSZjBrZrVKi3jnRfrMi
バンダナ,メンズ > 小物 > バンダナ,JCD523aAobkTQycgBXhqzY
ネックウォーマー,メンズ > 小物 > ネックウォーマー,HHasYayR9Wiwam4LwjtCZo
サスペンダー,メンズ > 小物 > サスペンダー,FPvGtwr5maZmt8HcYbWNiK
ウォレットチェーン,メンズ > 小物 > ウォレットチェーン,8mtuQojemZGE3HV2u4Adh6
サングラス/メガネ,メンズ > 小物 > サングラス/メガネ,BvrwoEUbjkiGseMPVed7kQ
モバイルケース/カバー,メンズ > 小物 > モバイルケース/カバー,WaSTYXzJLVvNzZYyDgYigM
手帳,メンズ > 小物 > 手帳,umTvSyWWjoncSdJUpFncvB
ストラップ,メンズ > 小物 > ストラップ,kkRsHDcWxpqRrxPk8FWqp3
ネクタイピン,メンズ > 小物 > ネクタイピン,kTmUYwjxzmVK2NN75D4uuj
カフリンクス,メンズ > 小物 > カフリンクス,UXbK56UvassQzCJ9ADt6CR
イヤマフラー,メンズ > 小物 > イヤマフラー,4J2TEwJquS5c9iGRuZsgKg
傘,メンズ > 小物 > 傘,xqNTLWTVW77HVRLzpTsLVC
レインコート,メンズ > 小物 > レインコート,Earu3oAA59mAk6PMnab6qG
ミラー,メンズ > 小物 > ミラー,cLdcmS3mUsG5D4pGFzMu2G
タバコグッズ,メンズ > 小物 > タバコグッズ,YebP5B8ce5Jq2ekT8avrwL
その他,メンズ > 小物 > その他,k2ZsPrC3BXeQU2pCkuaJF4
腕時計(アナログ),メンズ > 時計 > 腕時計(アナログ),kRufjL2Ke9yFUkD6mfjsqZ
腕時計(デジタル),メンズ > 時計 > 腕時計(デジタル),2GP7Z4psz2jJ7z8nx95K8H
ラバーベルト,メンズ > 時計 > ラバーベルト,bn6YuhczooYRDVRKNby9aA
レザーベルト,メンズ > 時計 > レザーベルト,g6RHFPpFVfaXvX8x39RdHA
金属ベルト,メンズ > 時計 > 金属ベルト,XzXMaeEQT6jaDBRrcuiKYX
その他,メンズ > 時計 > その他,WgDFbRw4VE42Ru6Dh2pNgC
一般水着,メンズ > 水着 > 一般水着,RyAGdcu4XTqdf8qPLBNLQG
スポーツ用,メンズ > 水着 > スポーツ用,dsWF53GUzso3QaoL23HNXL
アクセサリー,メンズ > 水着 > アクセサリー,Ue7reSCuYirjJzsKxsvJqU
その他,メンズ > 水着 > その他,k2yYxU6mkSUTnyb7BEDRUP
ソックス,メンズ > レッグウェア > ソックス,WbJsfLyrPMW4tb5TR4HPXS
レギンス/スパッツ,メンズ > レッグウェア > レギンス/スパッツ,tsPgtPjp3XCa9f9nMFzqkJ
レッグウォーマー,メンズ > レッグウェア > レッグウォーマー,M6wzq2KfMReNYooJJWf6t9
その他,メンズ > レッグウェア > その他,njUXximqzHtnQbVogyTwj7
トランクス,メンズ > アンダーウェア > トランクス,QyEDASEkbKbznJenQQH3Nb
ボクサーパンツ,メンズ > アンダーウェア > ボクサーパンツ,NAXRipTdLYs6aK6gKBw8vH
その他,メンズ > アンダーウェア > その他,sTWXUn2ewUQcwF9FDqtZGE
トップス,ベビー・キッズ > ベビー服(女の子用)  ~95cm > トップス,RcCb4pXheFuVfvC4V4Y4e9
アウター,ベビー・キッズ > ベビー服(女の子用)  ~95cm > アウター,3jDMDf3iLRqSkiVdW3sXpX
パンツ,ベビー・キッズ > ベビー服(女の子用)  ~95cm > パンツ,TXtxuoxZnhDikCXbsk2BNi
スカート,ベビー・キッズ > ベビー服(女の子用)  ~95cm > スカート,cpZSmpRSgqxBErW9Zv9fTN
ワンピース,ベビー・キッズ > ベビー服(女の子用)  ~95cm > ワンピース,Rgdj4xJZ52JJeeDNw3fj4c
ベビードレス,ベビー・キッズ > ベビー服(女の子用)  ~95cm > ベビードレス,qxbnb2DNLZLqzdg2jwzXgE
おくるみ,ベビー・キッズ > ベビー服(女の子用)  ~95cm > おくるみ,hXnQaxKR5wLzaSPSzu8AuW
下着/肌着,ベビー・キッズ > ベビー服(女の子用)  ~95cm > 下着/肌着,BTLGwua7ffVt5wYPNdnXv5
パジャマ,ベビー・キッズ > ベビー服(女の子用)  ~95cm > パジャマ,4VJnuSZtjU9gnk3rAR9qaH
その他,ベビー・キッズ > ベビー服(女の子用)  ~95cm > その他,rh2XP8iVTjiBAmTXWUF3n7
コート,ベビー・キッズ > キッズ服(女の子用) 100cm~ > コート,WQs7Z8GhUcz4KR2vdwXWPA
ジャケット/上着,ベビー・キッズ > キッズ服(女の子用) 100cm~ > ジャケット/上着,ZUAh7EW8fpjaT2UatJ6Eg6
トップス(Tシャツ/カットソー),ベビー・キッズ > キッズ服(女の子用) 100cm~ > トップス(Tシャツ/カットソー),XcGChCQsjxNZ93aY5BEWQj
トップス(トレーナー),ベビー・キッズ > キッズ服(女の子用) 100cm~ > トップス(トレーナー),DYLH3chqvS3h43VHrjVmkX
スカート,ベビー・キッズ > キッズ服(女の子用) 100cm~ > スカート,2VgbnythocKHZxZcPVV6zT
パンツ,ベビー・キッズ > キッズ服(女の子用) 100cm~ > パンツ,J2j9EFccpAPia3qszaKYAA
ワンピース,ベビー・キッズ > キッズ服(女の子用) 100cm~ > ワンピース,H4ndiGahRtC33ZD3NytY3Y
セットアップ,ベビー・キッズ > キッズ服(女の子用) 100cm~ > セットアップ,sgBGBHLqJcvifpZ7gE9MW5
パジャマ,ベビー・キッズ > キッズ服(女の子用) 100cm~ > パジャマ,8TQ5TMBBugXizngXEB44FE
フォーマル/ドレス,ベビー・キッズ > キッズ服(女の子用) 100cm~ > フォーマル/ドレス,HNa2UrX7w6AWtLkrAwTciP
和服,ベビー・キッズ > キッズ服(女の子用) 100cm~ > 和服,77fFftZnsf3TMuTq6Wmf63
浴衣,ベビー・キッズ > キッズ服(女の子用) 100cm~ > 浴衣,DVbF5DvNzfW5MJFWDtwBE6
甚平,ベビー・キッズ > キッズ服(女の子用) 100cm~ > 甚平,Zg7VuigZA6oX2b3wMJMhQ4
水着,ベビー・キッズ > キッズ服(女の子用) 100cm~ > 水着,MbQeo52874yz9HZSnWWLaT
その他,ベビー・キッズ > キッズ服(女の子用) 100cm~ > その他,9YAQgqqnoTDrA5zpGYcmQj
コート,ベビー・キッズ > キッズ服(男の子用) 100cm~ > コート,gi9cXb3s9obnuy7usf7w7V
ジャケット/上着,ベビー・キッズ > キッズ服(男の子用) 100cm~ > ジャケット/上着,jTxUfbpJZVUa7QaaN7Z7rY
トップス(Tシャツ/カットソー),ベビー・キッズ > キッズ服(男の子用) 100cm~ > トップス(Tシャツ/カットソー),io878aKQY6qbenCLnuVNyc
トップス(トレーナー),ベビー・キッズ > キッズ服(男の子用) 100cm~ > トップス(トレーナー),bCH8Tk7ReKeA5qagdyRsUM
パンツ,ベビー・キッズ > キッズ服(男の子用) 100cm~ > パンツ,5YqVWaeoctwbdwLZRC4rZb
セットアップ,ベビー・キッズ > キッズ服(男の子用) 100cm~ > セットアップ,cmjxvp8vXyoJWxbCvSbrHT
パジャマ,ベビー・キッズ > キッズ服(男の子用) 100cm~ > パジャマ,ACNMZWocgwhgngHyHjAoCb
フォーマル/ドレス,ベビー・キッズ > キッズ服(男の子用) 100cm~ > フォーマル/ドレス,sGUd9pgshUhujHHVmVL3TK
和服,ベビー・キッズ > キッズ服(男の子用) 100cm~ > 和服,bP88TaX8h4unn8AeHksujA
浴衣,ベビー・キッズ > キッズ服(男の子用) 100cm~ > 浴衣,3uU38sQoXLvzn3YKzrkceQ
甚平,ベビー・キッズ > キッズ服(男の子用) 100cm~ > 甚平,8ztfMXGVbP5gzMj6xkhDTP
水着,ベビー・キッズ > キッズ服(男の子用) 100cm~ > 水着,Feyv9e5fGu8RZipzfwuXFS
その他,ベビー・キッズ > キッズ服(男の子用) 100cm~ > その他,PdHfWXNqaPXCW27PSkBKNW
コート,ベビー・キッズ > キッズ服(男女兼用) 100cm~ > コート,2cmempB7soC9YkUxmj3MSZ
ジャケット/上着,ベビー・キッズ > キッズ服(男女兼用) 100cm~ > ジャケット/上着,PSZKe8sfKpowo4UGxrQ4UM
トップス(Tシャツ/カットソー),ベビー・キッズ > キッズ服(男女兼用) 100cm~ > トップス(Tシャツ/カットソー),x3677uPvX7Nt4sB8D8TPSW
トップス(トレーナー),ベビー・キッズ > キッズ服(男女兼用) 100cm~ > トップス(トレーナー),z6cDjrDDSQQnjWiybxPEPW
ボトムス,ベビー・キッズ > キッズ服(男女兼用) 100cm~ > ボトムス,kWLL4vFwD6XvJpNcYiAsPC
パジャマ,ベビー・キッズ > キッズ服(男女兼用) 100cm~ > パジャマ,PNQfU7nTkqJoaHnws7TNgn
その他,ベビー・キッズ > キッズ服(男女兼用) 100cm~ > その他,hFWh3UnK5cjogwrVdUNzec
スニーカー,ベビー・キッズ > キッズ靴 > スニーカー,BiTRt2RkTfikj7yWiMxMpn
サンダル,ベビー・キッズ > キッズ靴 > サンダル,htw7yAzstdrQdNA7BNQBmJ
ブーツ,ベビー・キッズ > キッズ靴 > ブーツ,fdSLgdNS56ruBcE5jHDGJD
長靴,ベビー・キッズ > キッズ靴 > 長靴,QYqXrzobMorwigpJ2CDfvM
その他,ベビー・キッズ > キッズ靴 > その他,ruspkMWuxqmyGpaMtMeAEa
エプロン,ベビー・キッズ > 子ども用ファッション小物 > エプロン,7cYHWrcsysoa5CjVPPbUya
サスペンダー,ベビー・キッズ > 子ども用ファッション小物 > サスペンダー,w9ExeLUtHQQzuRSd9JkeFK
タイツ,ベビー・キッズ > 子ども用ファッション小物 > タイツ,bdBeyW4MPERt32qaKBxBLV
ハンカチ,ベビー・キッズ > 子ども用ファッション小物 > ハンカチ,BjQrNpjimcrr5q3gzw2BcW
バンダナ,ベビー・キッズ > 子ども用ファッション小物 > バンダナ,yNkMCgLRkBsz26stnn4yiY
ベルト,ベビー・キッズ > 子ども用ファッション小物 > ベルト,F2iBC3A6RNcuPWYBaKgAvJ
マフラー,ベビー・キッズ > 子ども用ファッション小物 > マフラー,chq9BKC5p6cYsMJbPGpJiC
靴下/スパッツ,ベビー・キッズ > 子ども用ファッション小物 > 靴下/スパッツ,ZPGJVJ5SnjAE2dtW6gTdvV
傘,ベビー・キッズ > 子ども用ファッション小物 > 傘,M4wPYBBcfdVtE6oBknTULY
手袋,ベビー・キッズ > 子ども用ファッション小物 > 手袋,iLH42SxkoqEq7L5hAURs6j
帽子,ベビー・キッズ > 子ども用ファッション小物 > 帽子,zfuqGWVpRiHMBURfeAgZiG
その他,ベビー・キッズ > 子ども用ファッション小物 > その他,2Ab7U7DhsQwkADudLoSd48
おむつ用品,ベビー・キッズ > おむつ/トイレ/バス > おむつ用品,z9hpPdLf3SSybZZbVUsoDW
おまる/補助便座,ベビー・キッズ > おむつ/トイレ/バス > おまる/補助便座,QgMdM5Mv5Wq8wzE3dTgPBb
トレーニングパンツ,ベビー・キッズ > おむつ/トイレ/バス > トレーニングパンツ,Co9ZLbUTGTSTQ22aoBNARa
ベビーバス,ベビー・キッズ > おむつ/トイレ/バス > ベビーバス,7PDVvPp6Ap3iUYA82LAkbN
お風呂用品,ベビー・キッズ > おむつ/トイレ/バス > お風呂用品,74zsiMz5PyNP8bxNEbqHm9
その他,ベビー・キッズ > おむつ/トイレ/バス > その他,mV67RMDTshSjABLNwkXP6U
ベビーカー,ベビー・キッズ > 外出/移動用品 > ベビーカー,KTASTf2Yf6Uq3hVga2HudB
抱っこひも/スリング,ベビー・キッズ > 外出/移動用品 > 抱っこひも/スリング,CqicZHMrmcZK4jErq2Bc73
チャイルドシート,ベビー・キッズ > 外出/移動用品 > チャイルドシート,kmaX2dANxCA5GZzLxSDDWM
その他,ベビー・キッズ > 外出/移動用品 > その他,pTyUzsWAr9n7BmCjiwPkKj
ミルク,ベビー・キッズ > 授乳/食事 > ミルク,q6z2aEWwBF8HX8qMHejKi4
ベビーフード,ベビー・キッズ > 授乳/食事 > ベビーフード,hbHdPFuX2WKUqJ7jkkdekd
ベビー用食器,ベビー・キッズ > 授乳/食事 > ベビー用食器,yPrqkVXhQc99S2969c5gNX
その他,ベビー・キッズ > 授乳/食事 > その他,JPrXN2CoUo6YPBdpFVQYKR
ベッド,ベビー・キッズ > ベビー家具/寝具/室内用品 > ベッド,725SNyxyeq7vyEoLyMjJg
布団/毛布,ベビー・キッズ > ベビー家具/寝具/室内用品 > 布団/毛布,UWvYrTpU3oXXtpdE3pbtbU
イス,ベビー・キッズ > ベビー家具/寝具/室内用品 > イス,Hu6Fe2zwXGmHEoawCKvtsG
たんす,ベビー・キッズ > ベビー家具/寝具/室内用品 > たんす,jDLZRpqyvSobCTCM4vzUmd
その他,ベビー・キッズ > ベビー家具/寝具/室内用品 > その他,Xok6zzxyZToGjKBRpcLm9X
おふろのおもちゃ,ベビー・キッズ > おもちゃ > おふろのおもちゃ,kMjeyAFVfZYs4g52W76d9B
がらがら,ベビー・キッズ > おもちゃ > がらがら,jrUwmWQVwEm6RmtDeDWLoV
オルゴール,ベビー・キッズ > おもちゃ > オルゴール,rcJCtWLtGa4Np8fQctDBEM
ベビージム,ベビー・キッズ > おもちゃ > ベビージム,hdrTAsaUsPX5eAw8uuS75f
手押し車/カタカタ,ベビー・キッズ > おもちゃ > 手押し車/カタカタ,NvTVtF65VaHu8pcgtua455
その他,ベビー・キッズ > おもちゃ > その他,qtXmrFpbwEA7NWu5qFDzuM
お宮参り用品,ベビー・キッズ > 行事/記念品 > お宮参り用品,8Fu3Zn2Cs9sSik8cXopc6Y
お食い初め用品,ベビー・キッズ > 行事/記念品 > お食い初め用品,oHTApddRhZS68g8ahfUuRU
アルバム,ベビー・キッズ > 行事/記念品 > アルバム,QmpmFHX8592dv5niQdiAAE
手形/足形,ベビー・キッズ > 行事/記念品 > 手形/足形,P7Wa7YaeuYSr3gm5vuhpW9
その他,ベビー・キッズ > 行事/記念品 > その他,dKvZLF2URCtJHv54XhgEyX
母子手帳用品,ベビー・キッズ > その他 > 母子手帳用品,pmR3FWvNNYrdgLVcDYUUsA
その他,ベビー・キッズ > その他 > その他,N4ndYQgDmwDJSviStSDnaG
食器,インテリア・住まい・小物 > キッチン/食器 > 食器,XPYT27bQBftS77uJTQK5GY
カトラリー(スプーン等),インテリア・住まい・小物 > キッチン/食器 > カトラリー(スプーン等),uHcirndm8WXryDLdDYpwrA
テーブル用品,インテリア・住まい・小物 > キッチン/食器 > テーブル用品,kaC28KArPdTYrVXJLd3RTW
調理器具,インテリア・住まい・小物 > キッチン/食器 > 調理器具,yX5LNnsy3rJHrkFiZETWFX
アルコールグッズ,インテリア・住まい・小物 > キッチン/食器 > アルコールグッズ,CXVyKqv6YQDhMEXzMa9kWL
収納/キッチン雑貨,インテリア・住まい・小物 > キッチン/食器 > 収納/キッチン雑貨,FMuVLP55uPRFZ4LoUXnRyA
浄水機,インテリア・住まい・小物 > キッチン/食器 > 浄水機,vnzteby4CwY2YSPUmtjhc4
弁当用品,インテリア・住まい・小物 > キッチン/食器 > 弁当用品,GM7ZUypQwjUNwuViPjMRGf
容器,インテリア・住まい・小物 > キッチン/食器 > 容器,BLhWe59MiqCuw8xkyfNfR6
その他,インテリア・住まい・小物 > キッチン/食器 > その他,5bC83CUbdTPCwy4KAvCuWF
セミシングルベッド,インテリア・住まい・小物 > ベッド/マットレス > セミシングルベッド,ZMSBAiRZ2X9YxsAvvgD8VQ
シングルベッド,インテリア・住まい・小物 > ベッド/マットレス > シングルベッド,UcGCFjG5rAdrqMM88NdkN9
セミダブルベッド,インテリア・住まい・小物 > ベッド/マットレス > セミダブルベッド,QysrVv4NmQHAvNyRgqHcgM
ダブルベッド,インテリア・住まい・小物 > ベッド/マットレス > ダブルベッド,Ke7uFouFFCPBLC7rNh6jhA
ワイドダブルベッド,インテリア・住まい・小物 > ベッド/マットレス > ワイドダブルベッド,bwpkYSTZKEAPrWSKM8wSeS
クイーンベッド,インテリア・住まい・小物 > ベッド/マットレス > クイーンベッド,Meu9CMbc36fmh7rZXFTWaW
キングベッド,インテリア・住まい・小物 > ベッド/マットレス > キングベッド,RGPT7Gkn7Z7qjnWKGWBynR
脚付きマットレスベッド,インテリア・住まい・小物 > ベッド/マットレス > 脚付きマットレスベッド,Y3WGGt7hZ7b6f5GrnSQeTB
マットレス,インテリア・住まい・小物 > ベッド/マットレス > マットレス,Wa4K4gTeK7qkkAq2RurqJL
すのこベッド,インテリア・住まい・小物 > ベッド/マットレス > すのこベッド,8xTYMB26MKeAtmAXDRLsxH
ロフトベッド/システムベッド,インテリア・住まい・小物 > ベッド/マットレス > ロフトベッド/システムベッド,TH4acvDBAupdG2TnrVGVuC
簡易ベッド/折りたたみベッド,インテリア・住まい・小物 > ベッド/マットレス > 簡易ベッド/折りたたみベッド,eUZK9wQeLo95E3eGsUmTmP
収納付き,インテリア・住まい・小物 > ベッド/マットレス > 収納付き,Tn5yhM7nP3ddJVzTuqFZwG
その他,インテリア・住まい・小物 > ベッド/マットレス > その他,pACXAgkow3q7TJUqqm7xt3
ソファセット,インテリア・住まい・小物 > ソファ/ソファベッド > ソファセット,VaeTp7JgNtTCrE4cS4QAs9
シングルソファ,インテリア・住まい・小物 > ソファ/ソファベッド > シングルソファ,njG2GHWVNGZbHo3ntvDTAP
ラブソファ,インテリア・住まい・小物 > ソファ/ソファベッド > ラブソファ,bu4k39KtD6mrGamRsyNfHB
トリプルソファ,インテリア・住まい・小物 > ソファ/ソファベッド > トリプルソファ,YsjUwfTzzU2bsJsPQddSBc
オットマン,インテリア・住まい・小物 > ソファ/ソファベッド > オットマン,YbBQ4Ee6oHWGr2oSPasGjh
コーナーソファ,インテリア・住まい・小物 > ソファ/ソファベッド > コーナーソファ,Fc2XYT5B7wPSrBA29Hg87e
ビーズソファ/クッションソファ,インテリア・住まい・小物 > ソファ/ソファベッド > ビーズソファ/クッションソファ,TBN4fG4457XbMwJgJHrrQH
ローソファ/フロアソファ,インテリア・住まい・小物 > ソファ/ソファベッド > ローソファ/フロアソファ,zsBL8puJdVw5FnVQ8dUGn3
ソファベッド,インテリア・住まい・小物 > ソファ/ソファベッド > ソファベッド,fv7NAWJqfaqqh7GsP7q2dN
応接セット,インテリア・住まい・小物 > ソファ/ソファベッド > 応接セット,hSoSrUrH4YdYscXEGrzTbV
ソファカバー,インテリア・住まい・小物 > ソファ/ソファベッド > ソファカバー,jJZaYenh2G68z9Q3Lvy2Ko
リクライニングソファ,インテリア・住まい・小物 > ソファ/ソファベッド > リクライニングソファ,XJ2jfCLQatDFNbmEDW3dMS
その他,インテリア・住まい・小物 > ソファ/ソファベッド > その他,g2DkpR8dDgT9oy3oVwrmKD
一般,インテリア・住まい・小物 > 椅子/チェア > 一般,jxCa2Mb3JQ6KD6aWQ6xUHb
スツール,インテリア・住まい・小物 > 椅子/チェア > スツール,mj3ot2dY5CAWU8XwvWKW3A
ダイニングチェア,インテリア・住まい・小物 > 椅子/チェア > ダイニングチェア,uCmnfJGdXF7HAhN2A9Ab7L
ハイバックチェア,インテリア・住まい・小物 > 椅子/チェア > ハイバックチェア,hYcJ8cbPSynsY2X88GPQgf
ロッキングチェア,インテリア・住まい・小物 > 椅子/チェア > ロッキングチェア,w9ieKCSFqNpRucWsSNEFQj
座椅子,インテリア・住まい・小物 > 椅子/チェア > 座椅子,LR5C9mMughisUCPAek4V4a
折り畳みイス,インテリア・住まい・小物 > 椅子/チェア > 折り畳みイス,uHV7nGAJ5oRstj22v9UUyE
その他,インテリア・住まい・小物 > 椅子/チェア > その他,aW2xibtfmpe9AhV7R9aoT9
こたつ,インテリア・住まい・小物 > 机/テーブル > こたつ,GTBQdt82kmLBBTuxa2vE5m
カウンターテーブル,インテリア・住まい・小物 > 机/テーブル > カウンターテーブル,CzUgFnh9HbTb9wyT4Wzq47
サイドテーブル,インテリア・住まい・小物 > 机/テーブル > サイドテーブル,mxakbTjHoQY9yJW54gAkcM
センターテーブル,インテリア・住まい・小物 > 机/テーブル > センターテーブル,HXssrNkyYm2e2JhcBHNYyg
ダイニングテーブル,インテリア・住まい・小物 > 机/テーブル > ダイニングテーブル,bWUDWGgbAARJKEV2KsLkBg
座卓/ちゃぶ台,インテリア・住まい・小物 > 机/テーブル > 座卓/ちゃぶ台,WQK6KTtjbjRxVmAW3WKQFT
アウトドア用,インテリア・住まい・小物 > 机/テーブル > アウトドア用,DruAZkkthHbjjsxkK63tJY
パソコン用,インテリア・住まい・小物 > 机/テーブル > パソコン用,yvGJ5Az6vUpvHpHjMWucqA
事務机/学習机,インテリア・住まい・小物 > 机/テーブル > 事務机/学習机,LYZnxEw2XX7FkuJpxCm5gP
その他,インテリア・住まい・小物 > 机/テーブル > その他,9F9UQUdqrevazC22do3gx7
リビング収納,インテリア・住まい・小物 > 収納家具 > リビング収納,phdCUyvLjYZJXdARu4u7j9
キッチン収納,インテリア・住まい・小物 > 収納家具 > キッチン収納,FgvgqFY5XjALEETq7KtSch
玄関/屋外収納,インテリア・住まい・小物 > 収納家具 > 玄関/屋外収納,EZg37CG4JG26bD46BzfgE5
バス/トイレ収納,インテリア・住まい・小物 > 収納家具 > バス/トイレ収納,x4zXH23omUbVMxRv4onwsX
本収納,インテリア・住まい・小物 > 収納家具 > 本収納,WXcJXc3PG3BtQ2sEXrhPYC
本/CD/DVD収納,インテリア・住まい・小物 > 収納家具 > 本/CD/DVD収納,ZwYF4W58JaXzJhYSgTTzPh
洋服タンス/押入れ収納,インテリア・住まい・小物 > 収納家具 > 洋服タンス/押入れ収納,6dgAytuZK7ZFRhzqjn77yB
電話台/ファックス台,インテリア・住まい・小物 > 収納家具 > 電話台/ファックス台,MNmCuzVm2qRxXqpGJvtsUm
ドレッサー/鏡台,インテリア・住まい・小物 > 収納家具 > ドレッサー/鏡台,FcWVKYRnweW4pQtvaUhDRV
棚/ラック,インテリア・住まい・小物 > 収納家具 > 棚/ラック,ND9mi8Q8WLSBuKsdfTVavm
ケース/ボックス,インテリア・住まい・小物 > 収納家具 > ケース/ボックス,vQuSuG5WNXXFHKEZ5n3oMH
その他,インテリア・住まい・小物 > 収納家具 > その他,dRTdXXvDNubPUMP4PJGrgf
ラグ,インテリア・住まい・小物 > ラグ/カーペット/マット > ラグ,3VcQQGfYUh6Y9i2Yh44kQi
カーペット,インテリア・住まい・小物 > ラグ/カーペット/マット > カーペット,Z6hpCN2SDJWieZ2MYrRQRU
ホットカーペット,インテリア・住まい・小物 > ラグ/カーペット/マット > ホットカーペット,iossWuBNBbp7Fc3arQHNx4
玄関/キッチンマット,インテリア・住まい・小物 > ラグ/カーペット/マット > 玄関/キッチンマット,YZkyZenHpvCgu5qrSWgipd
トイレ/バスマット,インテリア・住まい・小物 > ラグ/カーペット/マット > トイレ/バスマット,WrWkf5yCggokxdyGzJatBk
その他,インテリア・住まい・小物 > ラグ/カーペット/マット > その他,RDT7DPD3BSG2tZqcT99PtQ
カーテン,インテリア・住まい・小物 > カーテン/ブラインド > カーテン,wwSyF3masJ7fPYwUBeLV65
ブラインド,インテリア・住まい・小物 > カーテン/ブラインド > ブラインド,NNLc5xTd9fWt5gm3kzBn5G
ロールスクリーン,インテリア・住まい・小物 > カーテン/ブラインド > ロールスクリーン,KBKFeDDScaftZ279LKPBbf
のれん,インテリア・住まい・小物 > カーテン/ブラインド > のれん,iZoJqW9H7e8PFromhuRDHF
その他,インテリア・住まい・小物 > カーテン/ブラインド > その他,YQQ6XKN82dXBRNiGvwUrs4
蛍光灯/電球,インテリア・住まい・小物 > ライト/照明 > 蛍光灯/電球,sjhu2fRXxgchKiX6sFSfb4
天井照明,インテリア・住まい・小物 > ライト/照明 > 天井照明,iviW5L94j8DtjNAnH4xZGY
フロアスタンド,インテリア・住まい・小物 > ライト/照明 > フロアスタンド,ugMZ4iYK2muWMt9xaa2jcL
その他,インテリア・住まい・小物 > ライト/照明 > その他,vwY6TqDQtCS9Mk4wSa6zu5
布団/毛布,インテリア・住まい・小物 > 寝具 > 布団/毛布,EgvVSoyHsEnpaHyNZoGNcc
枕,インテリア・住まい・小物 > 寝具 > 枕,GYhfcr5cCnGxqQrGRYSbiJ
シーツ/カバー,インテリア・住まい・小物 > 寝具 > シーツ/カバー,GgfVLzJJTUtQ6zcJxigFsX
その他,インテリア・住まい・小物 > 寝具 > その他,Yqwn6Tc8stTxsR9iFZf3Tk
ごみ箱,インテリア・住まい・小物 > インテリア小物 > ごみ箱,ctpobdR9636P2XLsPhLhR7
ウェルカムボード,インテリア・住まい・小物 > インテリア小物 > ウェルカムボード,Xhb9PYAQjdHVPcQEKktmwU
オルゴール,インテリア・住まい・小物 > インテリア小物 > オルゴール,nWPCZSEkNztPBRPataPKyJ
クッション,インテリア・住まい・小物 > インテリア小物 > クッション,99xwByJ5H5fZDFNXFmw8hD
クッションカバー,インテリア・住まい・小物 > インテリア小物 > クッションカバー,UsEtZmFX8c8ReuRDDoMQnY
スリッパラック,インテリア・住まい・小物 > インテリア小物 > スリッパラック,yWNERwn95nZJsrGDUuC4pd
ティッシュボックス,インテリア・住まい・小物 > インテリア小物 > ティッシュボックス,7jatnT5maPB6Lzd9PCoCp6
バスケット/かご,インテリア・住まい・小物 > インテリア小物 > バスケット/かご,yB87EkUXdEY7QP6dCrfCwa
フォトフレーム,インテリア・住まい・小物 > インテリア小物 > フォトフレーム,ajVdZ6xgcTP3zGtjnNL4Sk
マガジンラック,インテリア・住まい・小物 > インテリア小物 > マガジンラック,9ksppLxvUzxDcwuNYzdUk
モビール,インテリア・住まい・小物 > インテリア小物 > モビール,uVT4FHuUqoufLJq7Mz7RAm
花瓶,インテリア・住まい・小物 > インテリア小物 > 花瓶,fcwxpUkidqZiuyDJorhHjG
灰皿,インテリア・住まい・小物 > インテリア小物 > 灰皿,kaYxYE42r9mr3K4RePCrQD
傘立て,インテリア・住まい・小物 > インテリア小物 > 傘立て,2qhGeHG6ajdxQZop5EeruY
小物入れ,インテリア・住まい・小物 > インテリア小物 > 小物入れ,X63QZa2pSjhArg7FhhS2rV
置時計,インテリア・住まい・小物 > インテリア小物 > 置時計,yCKCrRyGDphSuA5k8UDByV
掛時計/柱時計,インテリア・住まい・小物 > インテリア小物 > 掛時計/柱時計,fqgWg2ZyJkvhunADGTHGLA
鏡(立て掛け式),インテリア・住まい・小物 > インテリア小物 > 鏡(立て掛け式),4EjrW8H4pEGHrgWUSs37v
鏡(壁掛け式),インテリア・住まい・小物 > インテリア小物 > 鏡(壁掛け式),J8ZAY7TCY25X9KjHrMN8vZ
置物,インテリア・住まい・小物 > インテリア小物 > 置物,FUTmwjHfwqASktqDNsugtX
風鈴,インテリア・住まい・小物 > インテリア小物 > 風鈴,4nfjWVueB3CVcdn9YdNqnY
その他,インテリア・住まい・小物 > インテリア小物 > その他,mw5xhvbY4GZ6HLeaAxmuCA
正月,インテリア・住まい・小物 > 季節/年中行事 > 正月,6rEWpvMKmRurhmce2L7hTj
成人式,インテリア・住まい・小物 > 季節/年中行事 > 成人式,j2EbbGkVCtEvcTZYL5j4ti
バレンタインデー,インテリア・住まい・小物 > 季節/年中行事 > バレンタインデー,iKckXnARGHDXk9gEZW7uyB
ひな祭り,インテリア・住まい・小物 > 季節/年中行事 > ひな祭り,eMLPoRdKvCQ5meeLydRwWF
子どもの日,インテリア・住まい・小物 > 季節/年中行事 > 子どもの日,vtUs7CVb3EfyfXbPTYPSEa
母の日,インテリア・住まい・小物 > 季節/年中行事 > 母の日,oiH6SNf2yuBbjZdD2WfpGc
父の日,インテリア・住まい・小物 > 季節/年中行事 > 父の日,BBUs5hW89mxH4rvS3BTie7
サマーギフト/お中元,インテリア・住まい・小物 > 季節/年中行事 > サマーギフト/お中元,xnkgqQnLvMeWkUXiybqmRF
夏/夏休み,インテリア・住まい・小物 > 季節/年中行事 > 夏/夏休み,XKDZwykXnBzYRuGR7gjYpa
ハロウィン,インテリア・住まい・小物 > 季節/年中行事 > ハロウィン,9KmLo2jJhuUDWXpoMd6CVD
敬老の日,インテリア・住まい・小物 > 季節/年中行事 > 敬老の日,tTYL9LUe5ZLy82snFcDtK7
七五三,インテリア・住まい・小物 > 季節/年中行事 > 七五三,CSo2tBFZVRwUapvWx868qD
お歳暮,インテリア・住まい・小物 > 季節/年中行事 > お歳暮,RceMT2WuhD3YoCGw8ELZAm
クリスマス,インテリア・住まい・小物 > 季節/年中行事 > クリスマス,DWnz6ZdBNVG77JKuFrXPPd
冬一般,インテリア・住まい・小物 > 季節/年中行事 > 冬一般,Q5TYKguWJpn5miDLLrqrRL
その他,インテリア・住まい・小物 > 季節/年中行事 > その他,wRqPizmurAMc6kNkZnbn4e
犬用品,その他 > ペット用品 > 犬用品,kBuXXS339wPVfkoAF3eEYg
猫用品,その他 > ペット用品 > 猫用品,DdiwjkewgbsZDVH8B7fP9S
小動物用品,その他 > ペット用品 > 小動物用品,3tpFtGy9MQdoGwpBwMoQz8
鳥用品,その他 > ペット用品 > 鳥用品,eoyNsiqnN3sBocXYhAi6Fn
魚用品/水草,その他 > ペット用品 > 魚用品/水草,hAFAb9psjpYR7NMp9eac4Z
爬虫類/両生類用品,その他 > ペット用品 > 爬虫類/両生類用品,5tkqvAuh2ASzh9ysYHkkvW
虫類用品,その他 > ペット用品 > 虫類用品,7J3v2Awpk4TJVfjsPCMdiY
かご/おり,その他 > ペット用品 > かご/おり,ZLdqaDeyexoAR4wn2uioAF
ペットフード,その他 > ペット用品 > ペットフード,AJysQvoxEefUHAAW4xEPnL
その他,その他 > ペット用品 > その他,gzvPttK2VyWm99KvouTJLG
全巻セット,本・音楽・ゲーム > 漫画 > 全巻セット,WvK7uPnCTF8nev8yAcUP3i
少年漫画,本・音楽・ゲーム > 漫画 > 少年漫画,fXsVF9yvqyPEJ9N7NADEY8
少女漫画,本・音楽・ゲーム > 漫画 > 少女漫画,pg8vJAHtuGJYvqTU9kSLa9
青年漫画,本・音楽・ゲーム > 漫画 > 青年漫画,7YpkuT6dpuj2AdCV2K9jAY
女性漫画,本・音楽・ゲーム > 漫画 > 女性漫画,Ks3Tatex33bwTE9hmmLeAH
その他,本・音楽・ゲーム > 漫画 > その他,FJC3aE5Lns4wtcDss78tvM
文学/小説,本・音楽・ゲーム > 本 > 文学/小説,PUNLitJTcwaPbTdGP79ubW
人文/社会,本・音楽・ゲーム > 本 > 人文/社会,nFpTe5U8Be5gSWZR7MwQvH
ノンフィクション/教養,本・音楽・ゲーム > 本 > ノンフィクション/教養,rpVnMaE5sSjTwQcB4JQHc3
地図/旅行ガイド,本・音楽・ゲーム > 本 > 地図/旅行ガイド,UThjQnTEjPJzevKnvoLoQf
ビジネス/経済,本・音楽・ゲーム > 本 > ビジネス/経済,eBm498WHR9m6tEHZjtS6QF
健康/医学,本・音楽・ゲーム > 本 > 健康/医学,iJbV533Yj6U5HGec7znmzR
コンピュータ/IT,本・音楽・ゲーム > 本 > コンピュータ/IT,dTPvpwPzDNyBqeRznC6xf4
趣味/スポーツ/実用,本・音楽・ゲーム > 本 > 趣味/スポーツ/実用,DUmwdJEDRNCESGnnFJVGWE
住まい/暮らし/子育て,本・音楽・ゲーム > 本 > 住まい/暮らし/子育て,5R474srR38HNAAF4vWx3PB
アート/エンタメ,本・音楽・ゲーム > 本 > アート/エンタメ,diQFoz63utK9GHeNVeLUZZ
洋書,本・音楽・ゲーム > 本 > 洋書,srG8vMgBvbxRPLXhYJf8mT
その他,本・音楽・ゲーム > 本 > その他,FYarQjqPCXMapDAgfso5Gm
アート/エンタメ/ホビー,本・音楽・ゲーム > 雑誌 > アート/エンタメ/ホビー,xCL9WknyyVJkhbVdreRjKX
ファッション,本・音楽・ゲーム > 雑誌 > ファッション,AfZ79PLPYraw353J6dDk5i
ニュース/総合,本・音楽・ゲーム > 雑誌 > ニュース/総合,V9wFLwqZNdi2aaAuTbTLRf
趣味/スポーツ,本・音楽・ゲーム > 雑誌 > 趣味/スポーツ,K8xLSzFhz5o8R72hMqXhiV
その他,本・音楽・ゲーム > 雑誌 > その他,TRvLjNxgketq6Zaw354j4M
外国映画,本・音楽・ゲーム > DVD/ブルーレイ > 外国映画,T8z4ZwUmmFiN3YybCWt8UJ
日本映画,本・音楽・ゲーム > DVD/ブルーレイ > 日本映画,tkhg2TENS3SWUG6V6YV6Vh
アニメ,本・音楽・ゲーム > DVD/ブルーレイ > アニメ,fkEL5JDHpV3HjkD8QDkRGW
TVドラマ,本・音楽・ゲーム > DVD/ブルーレイ > TVドラマ,4hW9cpTYfv4a7AZARyHVaX
ミュージック,本・音楽・ゲーム > DVD/ブルーレイ > ミュージック,QBz2AnPBSr7iEbnjnXJY6e
お笑い/バラエティ,本・音楽・ゲーム > DVD/ブルーレイ > お笑い/バラエティ,WpyLrZRaMsKaHEF5HpDEQf
スポーツ/フィットネス,本・音楽・ゲーム > DVD/ブルーレイ > スポーツ/フィットネス,FKNGQHae2HuUZVXc4by2K7
キッズ/ファミリー,本・音楽・ゲーム > DVD/ブルーレイ > キッズ/ファミリー,psi8Naqyj78c75voyNxAfX
その他,本・音楽・ゲーム > DVD/ブルーレイ > その他,ruVAgLCwRsTJ2APvnmNb33
邦楽,本・音楽・ゲーム > CD > 邦楽,rPQSQquZSKemhCRnd67Lpc
洋楽,本・音楽・ゲーム > CD > 洋楽,zi8hFFx79gYfYEU7RYqpuL
アニメ,本・音楽・ゲーム > CD > アニメ,vSeVcfDH4ZCiFW3MnkgYuH
クラシック,本・音楽・ゲーム > CD > クラシック,LrEaPz8PYjHUEQLCa4bhfY
K-POP/アジア,本・音楽・ゲーム > CD > K-POP/アジア,iBDxa3BbcUz8XWrr5pgq2Z
キッズ/ファミリー,本・音楽・ゲーム > CD > キッズ/ファミリー,YbTXvWZHRGNs2syNPNkdP8
その他,本・音楽・ゲーム > CD > その他,NRmuRJDwdc7hCX2BfQAEEX
家庭用ゲーム本体,本・音楽・ゲーム > テレビゲーム > 家庭用ゲーム本体,9KPccL2gBc62qLbxQ2upJo
家庭用ゲームソフト,本・音楽・ゲーム > テレビゲーム > 家庭用ゲームソフト,asvphbqCsGdEkTZahy4yzj
携帯用ゲーム本体,本・音楽・ゲーム > テレビゲーム > 携帯用ゲーム本体,Po4Ef9mFjJxgMQZ54LFCtK
携帯用ゲームソフト,本・音楽・ゲーム > テレビゲーム > 携帯用ゲームソフト,Q5uPynJRhJ75J5PMVbjaya
PCゲーム,本・音楽・ゲーム > テレビゲーム > PCゲーム,CLNwAcGbqJKBuEGTzuTQ2i
その他,本・音楽・ゲーム > テレビゲーム > その他,VGQrBrxrdKGwHAbRb6cst3
アイドル,おもちゃ・ホビー・グッズ > タレントグッズ > アイドル,Euh5KzGwPWXYzwgEfMLMND
ミュージシャン,おもちゃ・ホビー・グッズ > タレントグッズ > ミュージシャン,sEspDPW6AzGmDBWQ8UvMpS
タレント/お笑い芸人,おもちゃ・ホビー・グッズ > タレントグッズ > タレント/お笑い芸人,hfDXsREcDFCrNEZmY5aRTG
スポーツ選手,おもちゃ・ホビー・グッズ > タレントグッズ > スポーツ選手,GrXNXaL5dYgMWtAPMvD74A
その他,おもちゃ・ホビー・グッズ > タレントグッズ > その他,vudAfNGbFrz2mQXCCuxLbD
エレキギター,おもちゃ・ホビー・グッズ > 楽器/器材 > エレキギター,hodDiZKVqM8hCu98dYM3me
ベース,おもちゃ・ホビー・グッズ > 楽器/器材 > ベース,vRv5ZxrPD2zNtvyNGFikeX
弦楽器,おもちゃ・ホビー・グッズ > 楽器/器材 > 弦楽器,QRgCkuhZK7ciQUa23aihwD
管楽器,おもちゃ・ホビー・グッズ > 楽器/器材 > 管楽器,GStvPM5hF84fJrGERtBKDj
鍵盤楽器,おもちゃ・ホビー・グッズ > 楽器/器材 > 鍵盤楽器,Ux7ABe7YHjS9hiiZibbHqe
打楽器,おもちゃ・ホビー・グッズ > 楽器/器材 > 打楽器,74AF8pukQmHQYF8fS5wMyP
和楽器,おもちゃ・ホビー・グッズ > 楽器/器材 > 和楽器,9YRLUb62my9AnnFaqhdtiR
レコーディング/PA機器,おもちゃ・ホビー・グッズ > 楽器/器材 > レコーディング/PA機器,p9dxKZoW9sMyV5muEgoDKT
DJ機器,おもちゃ・ホビー・グッズ > 楽器/器材 > DJ機器,3ihJfKrin6L3QztProN4E8
DTM/DAW,おもちゃ・ホビー・グッズ > 楽器/器材 > DTM/DAW,PwdqpJkbCmo3W4Y7rGkaj7
アンプ,おもちゃ・ホビー・グッズ > 楽器/器材 > アンプ,M6V2PFvVoa9i5jAC7ZcWUP
その他,おもちゃ・ホビー・グッズ > 楽器/器材 > その他,HTMbf3arQqBQtpgZtyRxUj
トイガン,おもちゃ・ホビー・グッズ > ミリタリー > トイガン,3cZamwfd7CdJnCVUBN2VCK
個人装備,おもちゃ・ホビー・グッズ > ミリタリー > 個人装備,ferP57toSJiWhmiBPf99EE
小物/アクセサリー,おもちゃ・ホビー・グッズ > おもちゃ > 小物/アクセサリー,dFiAcPH6sfSSBbpNJ2ewom
その他,おもちゃ・ホビー・グッズ > ミリタリー > その他,rPoytrLjtdRvvEd4qkVWbA
コミック/アニメ,おもちゃ・ホビー・グッズ > フィギュア > コミック/アニメ,MDrzsZUY7YDWSAjVnLckr8
特撮,おもちゃ・ホビー・グッズ > フィギュア > 特撮,zPa4VWo74dR7ALbW9iPV5X
ゲームキャラクター,おもちゃ・ホビー・グッズ > フィギュア > ゲームキャラクター,kzzpHibYYbkqQdnsKvhLV4
SF/ファンタジー/ホラー,おもちゃ・ホビー・グッズ > フィギュア > SF/ファンタジー/ホラー,BdEfA4AVakQoNUxf7ditTL
アメコミ,おもちゃ・ホビー・グッズ > フィギュア > アメコミ,dTHfK82UNq4vE7KRuWZzFV
スポーツ,おもちゃ・ホビー・グッズ > フィギュア > スポーツ,xMt65Pmcwy8i4fXnP7J75N
ミリタリー,おもちゃ・ホビー・グッズ > フィギュア > ミリタリー,SpyVm7VUnP29gdozzQPoK6
その他,おもちゃ・ホビー・グッズ > フィギュア > その他,hYjZ5pfBZ6oMAS9qYMnxPE
その他,おもちゃ・ホビー・グッズ > トレーディングカード > その他,ciU8s59qtDYLpdHVJejT8j
ぬいぐるみ,おもちゃ・ホビー・グッズ > おもちゃ > ぬいぐるみ,p2sgg7FgnPcpfTh3LLqAN8
模型/プラモデル,おもちゃ・ホビー・グッズ > おもちゃ > 模型/プラモデル,mo6arZAedSpLn2LjQyJpuN
ミニカー,おもちゃ・ホビー・グッズ > おもちゃ > ミニカー,6WU87hSpZYsaMgmx5LhagJ
キャラクターグッズ,おもちゃ・ホビー・グッズ > おもちゃ > キャラクターグッズ,AJgyF2cTYsQoaUoWwrVw2V
トイラジコン,おもちゃ・ホビー・グッズ > おもちゃ > トイラジコン,9XaDvKKkENdScjBF3t5YGD
プラモデル,おもちゃ・ホビー・グッズ > おもちゃ > プラモデル,wWKFTJaWNQbSULx6mFCrwC
ホビーラジコン,おもちゃ・ホビー・グッズ > おもちゃ > ホビーラジコン,3TzbuXGNaxXGZP3iBVHd9J
鉄道模型,おもちゃ・ホビー・グッズ > おもちゃ > 鉄道模型,iZpQVUc4QPUFp53N6H6VzK
その他,おもちゃ・ホビー・グッズ > おもちゃ > その他,RCVuRU7Ru3xvBFY6vr5xP7
陶芸,おもちゃ・ホビー・グッズ > 美術品 > 陶芸,MAkcrRTjFS5o5ztSq69hkb
ガラス,おもちゃ・ホビー・グッズ > 美術品 > ガラス,dNQ3cBjXzxgsbBtjP3ek73
漆芸,おもちゃ・ホビー・グッズ > 美術品 > 漆芸,Ew28N7EhXTCxYsqrbdMC4U
金属工芸,おもちゃ・ホビー・グッズ > 美術品 > 金属工芸,djcZMQTYmCZmfDqFESt8eH
絵画/タペストリ,おもちゃ・ホビー・グッズ > 美術品 > 絵画/タペストリ,fG5XbRWFtrGAesnYnjZbdZ
版画,おもちゃ・ホビー・グッズ > 美術品 > 版画,9MAjtADrMjeZpHsJVuwZFo
彫刻/オブジェクト,おもちゃ・ホビー・グッズ > 美術品 > 彫刻/オブジェクト,hCfh46PzyBAqjEFgRsHmaU
書,おもちゃ・ホビー・グッズ > 美術品 > 書,inpZhfmjsrczgjWSHSfqY
写真,おもちゃ・ホビー・グッズ > 美術品 > 写真,e3mUbNyDhFbNVavn4ZJED3
その他,おもちゃ・ホビー・グッズ > 美術品 > その他,ua9TXbayVaoF5QV6wXPw3Q
画材,おもちゃ・ホビー・グッズ > アート用品 > 画材,nuPDHpMguxC7AVNHTm9BVW
額縁,おもちゃ・ホビー・グッズ > アート用品 > 額縁,4ozYnWbiKgqLZXxFZpm8a3
その他,おもちゃ・ホビー・グッズ > アート用品 > その他,VJfyWmQzGQih4NV5hvwJff
トランプ/UNO,おもちゃ・ホビー・グッズ > その他 > トランプ/UNO,XrsANCz3hD2EN8Mimbpx9K
カルタ/百人一首,おもちゃ・ホビー・グッズ > その他 > カルタ/百人一首,8t5GGoqqc9JQhPVVQULyzU
囲碁/将棋,おもちゃ・ホビー・グッズ > その他 > 囲碁/将棋,kJDt3mM4owayRHx5fT6juY
オセロ/チェス,おもちゃ・ホビー・グッズ > その他 > オセロ/チェス,wfVqty9XLYKtkEjJv5fP4m
人生ゲーム,おもちゃ・ホビー・グッズ > その他 > 人生ゲーム,WkNakbDSq5MxdffKKM4KD4
野球/サッカーゲーム,おもちゃ・ホビー・グッズ > その他 > 野球/サッカーゲーム,HDsW3jmhF6Nwkex84pQkZ9
スポーツ,おもちゃ・ホビー・グッズ > その他 > スポーツ,4pKYxFW7VtjnMBkeTAm3HW
三輪車/乗り物,おもちゃ・ホビー・グッズ > その他 > 三輪車/乗り物,mh8Lu8j9RUvuCuhxV8FxXe
ヨーヨー,おもちゃ・ホビー・グッズ > その他 > ヨーヨー,xkGwVLJwZyTrpZhq5aAQ5T
ダーツ,おもちゃ・ホビー・グッズ > その他 > ダーツ,TYzUbJdqLwmra42u8eDR35
ビリヤード,おもちゃ・ホビー・グッズ > その他 > ビリヤード,aEsaRGPjGsM6FXxnGVJKKD
麻雀,おもちゃ・ホビー・グッズ > その他 > 麻雀,7mhPegfbhiQWbH9bD8jqzC
模型製作用品,おもちゃ・ホビー・グッズ > その他 > 模型製作用品,jmzntTU2gshf8JeNZxJbdf
鉄道,おもちゃ・ホビー・グッズ > その他 > 鉄道,uWcrrHhCKvtRTLHaGw6rwm
航空機,おもちゃ・ホビー・グッズ > その他 > 航空機,zt5vCAjHTC5eG8G38aJFLS
アマチュア無線,おもちゃ・ホビー・グッズ > その他 > アマチュア無線,biofeSy7HcxPBkBqcbJYBn
パチンコ/パチスロ,おもちゃ・ホビー・グッズ > その他 > パチンコ/パチスロ,kFVG6HTj9nGk7uwS8VUnAX
その他,おもちゃ・ホビー・グッズ > その他 > その他,AXza9KuKe2zBPmqjspMKuj
香水(男性用),コスメ・香水・美容 > 香水 > 香水(男性用),dZUPLfV98e7pCtpCXLk3KY
香水(女性用),コスメ・香水・美容 > 香水 > 香水(女性用),7N4gxFDiC5ts5yanJQKeiJ
ユニセックス,コスメ・香水・美容 > 香水 > ユニセックス,NfSJwn53AQ5XeAiTrrqMnh
その他,コスメ・香水・美容 > 香水 > その他,GkjUEkyNyvUMrMn3zbRpeW
トライアルセット/サンプル,コスメ・香水・美容 > ベースメイク > トライアルセット/サンプル,LtVBx77tn2SgSqQZjM2Qo3
その他,コスメ・香水・美容 > スキンケア/基礎化粧品 > その他,BUDWxSApW2dSjqUkH7Fgin
化粧下地,コスメ・香水・美容 > ベースメイク > 化粧下地,s6F92RC8gQoutp2WNYmYba
ファンデーション,コスメ・香水・美容 > ベースメイク > ファンデーション,LQZmBYk8WcwSkHkoKvyCiE
コンシーラー,コスメ・香水・美容 > ベースメイク > コンシーラー,tzwj8KhX3U9Yo4YnFH4CJc
チーク,コスメ・香水・美容 > メイクアップ > チーク,XbyGqYtW2oGbAyTnHq6GYH
フェイスパウダー,コスメ・香水・美容 > ベースメイク > フェイスパウダー,yNnbknwt8bfEYzbZvA8KUb
アイシャドウ,コスメ・香水・美容 > メイクアップ > アイシャドウ,sbwQpFtk6RR5kjMLjvoqgA
アイライナー,コスメ・香水・美容 > メイクアップ > アイライナー,5p7cFFtdhgwLwkXiTrhBjG
マスカラ,コスメ・香水・美容 > メイクアップ > マスカラ,bceSefAYRLVdKBnmd7S7w
口紅,コスメ・香水・美容 > メイクアップ > 口紅,KnnJ5QiNJ5twSCgUEafmja
つけまつげ,コスメ・香水・美容 > メイクアップ > つけまつげ,fbcvK9FACh8ZvTZzcwFa5F
メイク道具/化粧小物,コスメ・香水・美容 > メイクアップ > メイク道具/化粧小物,ahhoVXP43J6JBKmdn7YHWi
美顔用品/美顔ローラー,コスメ・香水・美容 > メイクアップ > 美顔用品/美顔ローラー,xb7Zd9PLk9FLBBaAahYfsa
その他,コスメ・香水・美容 > ベースメイク > その他,dhSzhfSFSTZUrNYVJc2YG7
ネイルアート用品,コスメ・香水・美容 > ネイルケア > ネイルアート用品,SpYzqxTUmPda7UvzpCAk9g
ネイルカラー,コスメ・香水・美容 > ネイルケア > ネイルカラー,FrHmrMjSjcxZHsDHDmdREW
ネイルチップ/付け爪,コスメ・香水・美容 > ネイルケア > ネイルチップ/付け爪,PzAQPLcwzBcQxYsFJAY5hP
手入れ用具,コスメ・香水・美容 > ネイルケア > 手入れ用具,gdQKy3Jxxvhy8FQMFfLs37
その他,コスメ・香水・美容 > ネイルケア > その他,bd6BLostQYZVJgt9JUF5TX
シャンプー,コスメ・香水・美容 > ヘアケア > シャンプー,DLqjUR8EHRR3zDTRCEEtbD
リンス,コスメ・香水・美容 > ヘアケア > リンス,WXVymYbayyJ5YbqdyijVED
トリートメント,コスメ・香水・美容 > ヘアケア > トリートメント,aTDvJ3Uf8qanJpmPQDu9vG
カラーリング剤,コスメ・香水・美容 > ヘアケア > カラーリング剤,Ucd2PwPRFEDnRJUJ4pokyb
スタイリング剤,コスメ・香水・美容 > ヘアケア > スタイリング剤,he68YynDEhKFJgetyphmUK
ブラシ,コスメ・香水・美容 > ヘアケア > ブラシ,NjZBHjqXFFV9bcCZqPcfcJ
その他,コスメ・香水・美容 > ヘアケア > その他,8icbXPFpdNo2wd9Q9wArUn
オイル/クリーム,コスメ・香水・美容 > ボディケア > オイル/クリーム,76aVhgY9G6osUXWrQvivEG
ローション,コスメ・香水・美容 > ボディケア > ローション,ZX4DaYTRH5RppTU6c4G4Ui
制汗/デオドラント,コスメ・香水・美容 > ボディケア > 制汗/デオドラント,NuVZeBKDvx5RYC6a7MC6PU
日焼け止め/サンオイル,コスメ・香水・美容 > ボディケア > 日焼け止め/サンオイル,TVf5cRMKPd5gecBE6e9tr3
入浴剤,コスメ・香水・美容 > ボディケア > 入浴剤,dGFy2HtYtqosjniK6dbhnN
ハンドクリーム,コスメ・香水・美容 > ボディケア > ハンドクリーム,oEPsgWFTHKyRDD3Lkek3iU
フットケア,コスメ・香水・美容 > ボディケア > フットケア,LMApe6j2n634CdFaYHmCh6
その他,コスメ・香水・美容 > ボディケア > その他,kv9S69c5ZyEGgjBokK3JBg
口臭防止/エチケット用品,コスメ・香水・美容 > オーラルケア > 口臭防止/エチケット用品,WDX2AieWiopjJpNsao6qw3
歯ブラシ,コスメ・香水・美容 > オーラルケア > 歯ブラシ,NqnvhWLtH8v32F28tCFLiE
その他,コスメ・香水・美容 > オーラルケア > その他,ofwAaedwr5h4d3CrQiRgrN
エッセンシャルオイル,コスメ・香水・美容 > リラクゼーション > エッセンシャルオイル,MmP99Gnpj3tG3AHchPfdvH
芳香器,コスメ・香水・美容 > リラクゼーション > 芳香器,LPcsER9cx6JDAePawkWgZa
お香/香炉,コスメ・香水・美容 > リラクゼーション > お香/香炉,kEvEgaJqtGBoKMUoBr2BB6
キャンドル,コスメ・香水・美容 > リラクゼーション > キャンドル,snDEjecvutLk9AcJe8fAEU
その他,コスメ・香水・美容 > リラクゼーション > その他,srDxyhwBq4Z6jTaEpTCm5S
エクササイズ用品,コスメ・香水・美容 > ダイエット > エクササイズ用品,L8Sq9Y7hZyWz9C5SjQRZAe
ダイエット食品,コスメ・香水・美容 > ダイエット > ダイエット食品,B8WdzD8XG2EjP73UiKoMT9
体脂肪計,コスメ・香水・美容 > ダイエット > 体脂肪計,aCUFZBT9iDmJimKDc6YgcL
体重計,コスメ・香水・美容 > ダイエット > 体重計,LPuKY7kmnANRZr67toBS6A
その他,コスメ・香水・美容 > ダイエット > その他,S3qCRP5xB4P9CTbZJLN4yH
健康用品,コスメ・香水・美容 > その他 > 健康用品,Gj2TfWtvb9yJkYS8MBPCAa
看護/介護用品,コスメ・香水・美容 > その他 > 看護/介護用品,dRJApqfBtKybE9jsNoREAc
救急/衛生用品,コスメ・香水・美容 > その他 > 救急/衛生用品,ppN2dnN2qWvqK4Hc5yr4eQ
その他,コスメ・香水・美容 > その他 > その他,moocLoomdQSSrvZ6kXFFgT
デスクトップ型PC,家電・スマホ・カメラ > PC/タブレット > デスクトップ型PC,aBmGCrcz8jU3YAUu92Yo9b
ノートPC,家電・スマホ・カメラ > PC/タブレット > ノートPC,uBzGvhLcPfVYNrbxCMUQLk
PC周辺機器,家電・スマホ・カメラ > PC/タブレット > PC周辺機器,KcDmi7jYMadZpQGMSb9MKP
その他,家電・スマホ・カメラ > PC/タブレット > その他,PdQJP8rVeekZMdVcNjVvdk
デジタルカメラ,家電・スマホ・カメラ > カメラ > デジタルカメラ,6mNG5a4GETzwcK9sukYPiK
フィルムカメラ,家電・スマホ・カメラ > カメラ > フィルムカメラ,NLo7zPzf2Hjgfm3qhf3nm9
ビデオカメラ,家電・スマホ・カメラ > カメラ > ビデオカメラ,YRNhPncVGXRaiLoHvWfFxc
レンズ(単焦点),家電・スマホ・カメラ > カメラ > レンズ(単焦点),7pmsaHn6zqPZW6h6JxNYsF
その他,家電・スマホ・カメラ > カメラ > その他,PZaSBUKh55UojLqdFLSqQW
テレビ,家電・スマホ・カメラ > テレビ/映像機器 > テレビ,e4YQD9KtVYdqZaBBEKPQ8j
ブルーレイレコーダー,家電・スマホ・カメラ > テレビ/映像機器 > ブルーレイレコーダー,xmNP2stcoZNcXDzE28a7ic
DVDレコーダー,家電・スマホ・カメラ > テレビ/映像機器 > DVDレコーダー,nW6D5NfqBHYSMePro4WK7D
DVDプレーヤー,家電・スマホ・カメラ > テレビ/映像機器 > DVDプレーヤー,iuNhSneFv4LkCSjfTc5EFP
その他,家電・スマホ・カメラ > テレビ/映像機器 > その他,jqnA8p6bW9Q2P6DTqjtgjH
ポータブルプレーヤー,家電・スマホ・カメラ > オーディオ機器 > ポータブルプレーヤー,F9JKnMvxmVbQzFKbwcD36Y
イヤフォン,家電・スマホ・カメラ > オーディオ機器 > イヤフォン,Zeawv6jKnRbbz6iSmDMXmV
ラジオ,家電・スマホ・カメラ > オーディオ機器 > ラジオ,GuPhvWZ7rbZJhWojWdMLAY
アンプ,家電・スマホ・カメラ > オーディオ機器 > アンプ,MezwGq3qsCsWjCL2NqCKWL
スピーカー,家電・スマホ・カメラ > オーディオ機器 > スピーカー,BBrDAga8STpshvbtDVf5Dg
その他,家電・スマホ・カメラ > オーディオ機器 > その他,9s8tZhfU2b55vPaB3XC2QV
スマートフォン本体,家電・スマホ・カメラ > スマートフォン/携帯電話 > スマートフォン本体,rdVjPKREBRyuSs3UvGtNAD
携帯電話本体,家電・スマホ・カメラ > スマートフォン/携帯電話 > 携帯電話本体,CNosy2c9SQhaJ3Hr7DNf3e
PHS本体,家電・スマホ・カメラ > スマートフォン/携帯電話 > PHS本体,Takzg2D5ZtTLiZB7xM3YxV
バッテリー/充電器,家電・スマホ・カメラ > スマートフォン/携帯電話 > バッテリー/充電器,tBzBuVCJeuJRYnh2fnxahC
その他,家電・スマホ・カメラ > スマートフォン/携帯電話 > その他,mv2JoXUHA2LojuLHwwDjQi
冷蔵庫,家電・スマホ・カメラ > 生活家電 > 冷蔵庫,5ed2gmjWQHxkT3x86zkCs3
洗濯機,家電・スマホ・カメラ > 生活家電 > 洗濯機,DQXw8LZEgTDUyyd6ceByCf
エアコン,家電・スマホ・カメラ > 冷暖房/空調 > エアコン,EUrW3i3Y5ZAVsuDiNzgxz7
炊飯器,家電・スマホ・カメラ > 生活家電 > 炊飯器,mXuvsjo5q96BoTMfeykKWP
電子レンジ/オーブン,家電・スマホ・カメラ > 生活家電 > 電子レンジ/オーブン,PRaiHLbM4h3uzCRdNvQJH9
調理機器,家電・スマホ・カメラ > 生活家電 > 調理機器,WSW7kMPksth8WUnoy3n3KB
衣類乾燥機,家電・スマホ・カメラ > 生活家電 > 衣類乾燥機,wjCG3aCJCuByesVBbwNLzf
アイロン,家電・スマホ・カメラ > 生活家電 > アイロン,Pn7d9L5DciZn8ozjKrBWZW
空気清浄器,家電・スマホ・カメラ > 冷暖房/空調 > 空気清浄器,zurMiy3V6dDRoapXV5aHdU
加湿器,家電・スマホ・カメラ > 冷暖房/空調 > 加湿器,pVZvWxKVGqFmaCvEjvBi98
掃除機,家電・スマホ・カメラ > 生活家電 > 掃除機,W2ys7sCS8a7DjHRtUTz8V7
ヘアドライヤー,家電・スマホ・カメラ > 美容/健康 > ヘアドライヤー,icD6YTikNtU7rBayRCsYWo
電動歯ブラシ,家電・スマホ・カメラ > 美容/健康 > 電動歯ブラシ,WaYnfCHbgKSwLFjhhjJXv
その他,家電・スマホ・カメラ > 生活家電 > その他,zDHeQMSfBd9fBTgsY7m9DF
その他,家電・スマホ・カメラ > 美容/健康 > その他,HxGaubcEt5JyapmByFeKC
防犯カメラ,家電・スマホ・カメラ > カメラ > 防犯カメラ,zsZvs68iiiNCgtDeWB3aG4
その他,家電・スマホ・カメラ > その他 > その他,YsqH6HfgXAQsfjjmZn2c8A
その他,スポーツ・レジャー > ゴルフ > その他,badQwwXt2qeMTgA8BAqde9
アメリカンフットボール,スポーツ・レジャー > その他スポーツ > アメリカンフットボール,h692qpwCYzogYvQXB6rqza
サーフィン,スポーツ・レジャー > その他スポーツ > サーフィン,UVEwK2viynpxEnJebX8tmQ
ボード,スポーツ・レジャー > スノーボード > ボード,cgYxNLsFoJo6LYDTFD2sid
スケートボード,スポーツ・レジャー > その他スポーツ > スケートボード,zQxPqx7jKcw4xDJVCqz7bd
ダンス/バレエ,スポーツ・レジャー > その他スポーツ > ダンス/バレエ,hZW3HjvzfuQQyVizrTXJNd
バスケットボール,スポーツ・レジャー > その他スポーツ > バスケットボール,83SNH5oQ3ZTdXmbTDck2w3
陸上競技,スポーツ・レジャー > その他スポーツ > 陸上競技,WXSFpkd4ZZRiY4m64jALLm
バドミントン,スポーツ・レジャー > その他スポーツ > バドミントン,vHptZGZhm4dZUjhQaZrQfm
バレーボール,スポーツ・レジャー > その他スポーツ > バレーボール,uHqedEgydmkodBfskyf6Db
ボウリング,スポーツ・レジャー > その他スポーツ > ボウリング,Fv5TQiLnmFb8emeDPfGEDQ
ラグビー,スポーツ・レジャー > その他スポーツ > ラグビー,avBzQsdvovcFHqWyidDm3H
ボクシング,スポーツ・レジャー > その他スポーツ > ボクシング,KgeBEJrpmyYkh9qTFchCjV
その他,スポーツ・レジャー > その他スポーツ > その他,MPi9uddkD25L6ngrgAgtyk
旅行用品,スポーツ・レジャー > その他 > 旅行用品,XeCHrRiYtZiYZRbUhnxAAZ
自転車本体,スポーツ・レジャー > 自転車 > 自転車本体,hkbxrypqW8FS3qDZKkdwtG
アクセサリー,スポーツ・レジャー > 自転車 > アクセサリー,3KMWt9HZeejDSEYpT86UvT
登山用品,スポーツ・レジャー > アウトドア > 登山用品,GFC2tsRXoK9Jw6WWYojrR9
その他,スポーツ・レジャー > アウトドア > その他,CByZrLF9y7xRzjWXSop7ni
その他,スポーツ・レジャー > スノーボード > その他,JmwUiNV5nmnn6Cup9fDvMN
その他,スポーツ・レジャー > その他 > その他,gtwuYFgN648waTNZ5FR6GZ
バッグ(男性用),ハンドメイド > ファッション/小物 > バッグ(男性用),GJ9HvfjMFrhMznQJDkkqmf
バッグ(女性用),ハンドメイド > ファッション/小物 > バッグ(女性用),SCEGx2ccijqCRrBPK6VpUU
財布(男性用),ハンドメイド > ファッション/小物 > 財布(男性用),BmaBqUrDEhuAenodg3kSfa
財布(女性用),ハンドメイド > ファッション/小物 > 財布(女性用),YUep4KJvtcUPDf57X4vufn
ファッション雑貨,ハンドメイド > ファッション/小物 > ファッション雑貨,89eHZJ29ZMZivpmKXwKRqD
その他,ハンドメイド > ファッション/小物 > その他,Kg2qVm8wVCnFzER95imBZY
アクセサリー(男性用),ハンドメイド > アクセサリー/時計 > アクセサリー(男性用),3H5anGKWZdn7cVoqtAR9mF
時計(男性用),ハンドメイド > アクセサリー/時計 > 時計(男性用),L8NtkYwbDYdPvcdGAjwFiD
時計(女性用),ハンドメイド > アクセサリー/時計 > 時計(女性用),C9cskGeUUs8EaNALjwy7YC
その他,ハンドメイド > アクセサリー/時計 > その他,v7hU6jxwdZ46Ev8BzrVVBM
キッチン用品,ハンドメイド > 日用品/インテリア > キッチン用品,hfAwd6Zzve6xsqfaC2pQTM
家具,ハンドメイド > 日用品/インテリア > 家具,hSrCTaiWjPfqRgvewaAJxj
文房具,ハンドメイド > 日用品/インテリア > 文房具,RqRRuG7JN57w6duCvgtBAi
その他,ハンドメイド > 日用品/インテリア > その他,VFEB5Z5ipkU4JKmDdjhAGK
クラフト/布製品,ハンドメイド > 趣味/おもちゃ > クラフト/布製品,kTDtHUzUVmMohaH3eFuKLM
おもちゃ/人形,ハンドメイド > 趣味/おもちゃ > おもちゃ/人形,EFKiK6DwDdPo4WvP2sGPUf
その他,ハンドメイド > 趣味/おもちゃ > その他,Lzxh6pYspvQmVLFjmWNnm9
ファッション雑貨,ハンドメイド > キッズ/ベビー > ファッション雑貨,FiQJxTFwBhfAasNP4YUL83
外出用品,ハンドメイド > キッズ/ベビー > 外出用品,k64ML3xq8nEG4782V6JMbV
その他,ハンドメイド > キッズ/ベビー > その他,ztTGE5e4yMG968WmrbEkZc
その他,その他 > 食品 > その他,PyjTneZu635NM3yuc26oJW
洗剤/柔軟剤,その他 > 日用品/生活雑貨/旅行 > 洗剤/柔軟剤,rSEad3J7acujDnh3efxypf
日用品/生活雑貨,その他 > 日用品/生活雑貨/旅行 > 日用品/生活雑貨,YpcfNy2Ls3CXViBVDKb3hF
タオル/バス用品,その他 > 日用品/生活雑貨/旅行 > タオル/バス用品,kEbTCc2kVTQTRxME4N4Nm3
旅行用品,その他 > 日用品/生活雑貨/旅行 > 旅行用品,hpT7AyV54SnN85P6AjyY8L
防災関連グッズ,その他 > 日用品/生活雑貨/旅行 > 防災関連グッズ,dzer2ppyr67UAsYf5kGusN
その他,その他 > 日用品/生活雑貨/旅行 > その他,DE8mVe6Bm2GgJDfjTjRkg3
武具,おもちゃ・ホビー・グッズ > コレクション > 武具,GFrsiPeEMKgyb8ZAPYLyr7
使用済切手/官製はがき,おもちゃ・ホビー・グッズ > コレクション > 使用済切手/官製はがき,vijSaUmhLp4iai56rFG8W9
旧貨幣/金貨/銀貨/記念硬貨,おもちゃ・ホビー・グッズ > コレクション > 旧貨幣/金貨/銀貨/記念硬貨,vztF6XBLDAfSYKM2BMWepM
印刷物,おもちゃ・ホビー・グッズ > コレクション > 印刷物,2QAbSzQsDX9273dXAZBa5b
ノベルティグッズ,おもちゃ・ホビー・グッズ > コレクション > ノベルティグッズ,af7g74L2ZMqmfWijyF2uqL
その他,おもちゃ・ホビー・グッズ > コレクション > その他,ZqXU9rbCQuVJK5HeEVDXuj
外国自動車用パーツ,自動車・オートバイ > 自動車パーツ > 外国自動車用パーツ,8mjs4tmGDwBxBzJvRHurbR
その他,自動車・オートバイ > 自動車アクセサリー > その他,PrUVVzpVwLEK3rHsn89iTh
オートバイ車体,自動車・オートバイ > オートバイ車体,KhrZSAy2YEe6ZbHyJfVhbB
外国オートバイ用パーツ,自動車・オートバイ > オートバイパーツ > 外国オートバイ用パーツ,LoKRJT2byGiBh7s42pzqFa
その他,自動車・オートバイ > オートバイアクセサリー > その他,GSfNWN2ZMd67SrtrkhTWCL
店舗用品,その他 > 事務/店舗用品 > 店舗用品,JPSPAuBzgCF3susEZFSmZi
OA機器,その他 > 事務/店舗用品 > OA機器,PxUPb8HXskt6H8ZbxsFu9R
オフィス家具,その他 > 事務/店舗用品 > オフィス家具,V7g7hGZadREbZfq6HMrW6X
オフィス用品一般,その他 > 事務/店舗用品 > オフィス用品一般,Vy95uDFHftXRqVgXUozwz6
ラッピング/包装,その他 > 事務/店舗用品 > ラッピング/包装,HKQojEeSn8RdWRyatXAZN7
その他,その他 > 事務/店舗用品 > その他,MxQbRBbyvnzHfnXm6oqTMn
トップス(チュニック),ベビー・キッズ > キッズ服(女の子用) 100cm~ > トップス(チュニック),LPBcpYkKZQEbLc3ht4pVL3
トップス(タンクトップ),ベビー・キッズ > キッズ服(女の子用) 100cm~ > トップス(タンクトップ),n2XcvBo2UpJjAXMM99srWn
トップス(その他),ベビー・キッズ > キッズ服(女の子用) 100cm~ > トップス(その他),zzgFV2vcDux7LMCUiWHj6S
トップス(その他),ベビー・キッズ > キッズ服(男の子用) 100cm~ > トップス(その他),HcoEXXNZpQrhbUEvs5PfBb
トップス(その他),ベビー・キッズ > キッズ服(男女兼用) 100cm~ > トップス(その他),uFXLsCReT4E3FKhBpMPh44
絵本,本・音楽・ゲーム > 本 > 絵本,Sr2koU8Gf7DwNyc7soe2NY
知育玩具,ベビー・キッズ > おもちゃ > 知育玩具,NEom2iiwffQdT5bWySEGMd
スタイ,ベビー・キッズ > 子ども用ファッション小物 > スタイ,wM6wWJKhJnYEmpFwQzLXWf
タブレット,家電・スマホ・カメラ > PC/タブレット > タブレット,qKYPGVcD84eurt3qv5cGSg
同人誌,本・音楽・ゲーム > 漫画 > 同人誌,vevkSNF3qvLA8cU8KZ6Wc7
デスクチェア,インテリア・住まい・小物 > 椅子/チェア > デスクチェア,TB8oZBgp5E9SNunkPq7VbN
デッキシューズ,メンズ > 靴 > デッキシューズ,WDwkndAjg8QtJbAbVcCXX8
ストラップ,おもちゃ・ホビー・グッズ > コミック/アニメグッズ > ストラップ,sdb6xV27ZNdxHrB6pBuoN8
キーホルダー,おもちゃ・ホビー・グッズ > コミック/アニメグッズ > キーホルダー,BDEjSbywVarmP9vtibAHFV
バッジ,おもちゃ・ホビー・グッズ > コミック/アニメグッズ > バッジ,z9baPW8LcviwMWshJRVGP6
カード,おもちゃ・ホビー・グッズ > コミック/アニメグッズ > カード,XUyZgpXURNwYPZ7eNar588
クリアファイル,おもちゃ・ホビー・グッズ > コミック/アニメグッズ > クリアファイル,YAMD4VDNmvqqsfUuNLJwdj
ポスター,おもちゃ・ホビー・グッズ > コミック/アニメグッズ > ポスター,ZYK8WHjm9BBofEPMuT8f2f
タオル,おもちゃ・ホビー・グッズ > コミック/アニメグッズ > タオル,NmXzrqCJaZxDatkZZya5V8
その他,おもちゃ・ホビー・グッズ > コミック/アニメグッズ > その他,GeNnmcosGuNAMgtdN4RNXk
Android用ケース,家電・スマホ・カメラ > スマホアクセサリー > Android用ケース,uSv7pk4eTWuN4fUv46XgkQ
カバー,家電・スマホ・カメラ > スマホアクセサリー > カバー,uDTMBDKF4mMj6hiVo6mPQe
イヤホンジャック,家電・スマホ・カメラ > スマホアクセサリー > イヤホンジャック,txTDKof55UYXtmFyjMRwHD
ストラップ,家電・スマホ・カメラ > スマホアクセサリー > ストラップ,RpvNcDkzxN8pfmzjYQq5yi
フィルム,家電・スマホ・カメラ > スマホアクセサリー > フィルム,WRPyiZMJbknhj2tJCiY52i
その他,家電・スマホ・カメラ > スマホアクセサリー > その他,cKxVXpPgmwaBfoAGkk4KQT
ピアス,ハンドメイド > アクセサリー(女性用) > ピアス,Rusmx9kdHVv47SksHtqZRP
イヤリング,ハンドメイド > アクセサリー(女性用) > イヤリング,EXUw5VQg7nckGQTUYfuJ68
ネックレス,ハンドメイド > アクセサリー(女性用) > ネックレス,UAtrftUuN3q4LC8tBpiAGb
ブレスレット,ハンドメイド > アクセサリー(女性用) > ブレスレット,thNuMvXJqrvey4GHrBpMZR
リング,ハンドメイド > アクセサリー(女性用) > リング,ZNXCMtp7CNrs2Q4wazqW58
チャーム,ハンドメイド > アクセサリー(女性用) > チャーム,j5A9GjXafDvxo2eRdZFPy8
その他,ハンドメイド > アクセサリー(女性用) > その他,jRJxQGo2TuihTxHvs2JNh7
ロンパース,ベビー・キッズ > ベビー服(女の子用)  ~95cm > ロンパース,GFMLz3cJUhH2wheyjjXZ3f
男性アイドル,チケット > 音楽   > 男性アイドル,XeTtc9hDZhevzYgt2itbp9
女性アイドル,チケット > 音楽   > 女性アイドル,btiPuJTZkSPnaJ3iUT5VRV
韓流,チケット > 音楽   > 韓流,iuHMgavNLxx2op97D5k5n4
国内アーティスト,チケット > 音楽   > 国内アーティスト,a9sauBhkDgfp5wfBGdRnRW
海外アーティスト,チケット > 音楽   > 海外アーティスト,3DLRE4HqAdEpKmx5bJC4cP
音楽フェス,チケット > 音楽   > 音楽フェス,Zuo25HV7QGjRGo9oTMteBN
声優/アニメ,チケット > 音楽   > 声優/アニメ,MyZWBjbZj3mo9ULS5Xi7Q
その他,チケット > 音楽   > その他,r2uuUsg7C3UUskDzgCnPkF
サッカー,チケット > スポーツ > サッカー,wwcFxW8FtaWC3Z6CgdtNjc
野球,チケット > スポーツ > 野球,prtYsJ9gTdoWokCk3fwgMk
テニス,チケット > スポーツ > テニス,dYhg7gDdiJP8Z62fy7imQS
格闘技/プロレス,チケット > スポーツ > 格闘技/プロレス,PGg2bHuJyAFpE2KWZd55md
相撲/武道,チケット > スポーツ > 相撲/武道,rTXgUzJT3wiLbpaxFd7HU7
ゴルフ,チケット > スポーツ > ゴルフ,TZDEtYpcPdU3Zam8Tv923g
バレーボール,チケット > スポーツ > バレーボール,zaCcTqzYWTNfnpD4grxDVG
バスケットボール,チケット > スポーツ > バスケットボール,ZLz7CmDTy9uA9STNVSGzCR
モータースポーツ,チケット > スポーツ > モータースポーツ,QJ4N7ubLrRL2UCDdAWwETh
ウィンタースポーツ,チケット > スポーツ > ウィンタースポーツ,EdnLis9f9ZxRnrXDdzXxCY
その他,チケット > スポーツ > その他,uPygXNjcK87pJnPeNnYHtG
ミュージカル,チケット > 演劇/芸能 > ミュージカル,rMYT2obT4Hzoo22hbRUT8o
演劇,チケット > 演劇/芸能 > 演劇,MAFqjK3WRArVRsgySrhGeM
伝統芸能,チケット > 演劇/芸能 > 伝統芸能,NMc9cxVYa76gM2anjQaZ9M
落語,チケット > 演劇/芸能 > 落語,o8miPxhgJLrPYMY8jbtZzT
お笑い,チケット > 演劇/芸能 > お笑い,JvxDsyHfeYLevJ2cuUaiC8
オペラ,チケット > 演劇/芸能 > オペラ,LwvbGzF9zaqcecZhJQabQB
サーカス,チケット > 演劇/芸能 > サーカス,tq2wpmoa9MWU8EpvEiLEsj
バレエ,チケット > 演劇/芸能 > バレエ,a6HVPKEEasZtsoABSGMyeR
その他,チケット > 演劇/芸能 > その他,Svxedusn8TAvrhqmEKpgCD
声優/アニメ,チケット > イベント > 声優/アニメ,A7jH3X52YqASvZKxnn9xoS
キッズ/ファミリー,チケット > イベント > キッズ/ファミリー,cx7q23YcwFFuRP64rgyZjR
トークショー/講演会,チケット > イベント > トークショー/講演会,KKusoXQPXG8npgJNN7og43
その他,チケット > イベント > その他,SEXi8S6XCsAzdvDRAd5iZi
邦画,チケット > 映画 > 邦画,gjh6orCWE7bcTUe9oLKLKX
洋画,チケット > 映画 > 洋画,TqDGQDFVqQrdUnpyWqkaid
その他,チケット > 映画 > その他,43nkmXSrwkrh5g22Qtvut5
遊園地/テーマパーク,チケット > 施設利用券 > 遊園地/テーマパーク,uu48jEqJ3yJ8VAiFnarxJi
美術館/博物館,チケット > 施設利用券 > 美術館/博物館,YXWzF9Fq3WF58Tu4Nsd4ZE
スキー場,チケット > 施設利用券 > スキー場,SWoCo8EKxdELpLEXh3ZH6n
ゴルフ場,チケット > 施設利用券 > ゴルフ場,4vGvh5fhpZn9KjNj4up6WC
フィットネスクラブ,チケット > 施設利用券 > フィットネスクラブ,XtYY2kenEBeew6UCjUNdCC
プール,チケット > 施設利用券 > プール,TZnr8qeJNEkZ2wwWM4CjdA
ボウリング場,チケット > 施設利用券 > ボウリング場,nXL75khLw93G5DkDQbpdfh
水族館,チケット > 施設利用券 > 水族館,GvcdutsZioyy3c8PbHH6hZ
動物園,チケット > 施設利用券 > 動物園,QYBaxM2j9nwSVQ5tehUFhR
その他,チケット > 施設利用券 > その他,KT9JjnDmpMx9rwhenokkaD
ショッピング,チケット > 優待券/割引券 > ショッピング,ZVXEp3yxyi5BdvXEFyipSg
レストラン/食事券,チケット > 優待券/割引券 > レストラン/食事券,PqicdB9BgC2qwa6Sx5h82d
フード/ドリンク券,チケット > 優待券/割引券 > フード/ドリンク券,w5WyGaFZT3bVysWSHoE8t7
宿泊券,チケット > 優待券/割引券 > 宿泊券,YDrTKcR68CmzgiYo7uiCWH
その他,チケット > 優待券/割引券 > その他,sajhPVEeUZiDGkYcrWWzN5
その他,チケット > その他,x22emxPo2FduAiRv5YxUyS
ウェディング,レディース > スーツ/フォーマル/ドレス > ウェディング,pHJC4VX6UgC3CbeudjA8WM
バッグ,ベビー・キッズ > 子ども用ファッション小物 > バッグ,cLNsLZBfUd2AUbAauoyVah
アート/写真,ハンドメイド > 日用品/インテリア > アート/写真,X9FfGHxursyDKRgRcZW5XV
アロマ/キャンドル,ハンドメイド > 日用品/インテリア > アロマ/キャンドル,ckzRemdb36KLTUXQuArtre
フラワー/ガーデン,ハンドメイド > 日用品/インテリア > フラワー/ガーデン,7Xt6rxB46NiQNcPhC55e6h
各種パーツ,ハンドメイド > 素材/材料 > 各種パーツ,Ekgj8N5F9ahunNepgR5Wtd
生地/糸,ハンドメイド > 素材/材料 > 生地/糸,8YaDaDUQjEjK8HZYyaXFLg
型紙/パターン,ハンドメイド > 素材/材料 > 型紙/パターン,NsFzBa2zrSDJ5fVxMu55MX
その他,ハンドメイド > 素材/材料 > その他,c6tqMon7biQVwf6ZuTKiza
ヘアゴム,ハンドメイド > アクセサリー(女性用) > ヘアゴム,2W8LNXYdNdeNoysCn2Dn5L
アンクレット,ハンドメイド > アクセサリー(女性用) > アンクレット,SuByuPS9HMVbZthz2wffe5
ネームタグ,ハンドメイド > キッズ/ベビー > ネームタグ,VWByrGrQvtphST9eqRuTd4
スタイ/よだれかけ,ハンドメイド > キッズ/ベビー > スタイ/よだれかけ,SzQEdUSDZmk675ZRkGVMXU
電子ブックリーダー,家電・スマホ・カメラ > PC/タブレット > 電子ブックリーダー,kxkTftPTTz2MubHJRvpZ2Q
まとめ売り,その他 > まとめ売り,uZzsvtai7NK2reFYuZqxoY
タイヤ/ホイールセット,自動車・オートバイ > 自動車タイヤ/ホイール > タイヤ/ホイールセット,mPAi9Rnhv44fwDQsWpgrUX
汎用パーツ,自動車・オートバイ > 自動車パーツ > 汎用パーツ,KEJaQqUfVuMibcFCjYUCyD
タイヤ,自動車・オートバイ > 自動車タイヤ/ホイール > タイヤ,7pSTUT4Ly2T4rpUiiT3sDV
ホイール,自動車・オートバイ > 自動車タイヤ/ホイール > ホイール,9fDAoiVxTdUWZsXqvTTFnW
カーナビ,自動車・オートバイ > 自動車アクセサリー > カーナビ,uFiZhqWoCTvXgkScd5bPge
カーオーディオ,自動車・オートバイ > 自動車アクセサリー > カーオーディオ,dvyjMBypQY5RYVm7n3TfnL
車外アクセサリー,自動車・オートバイ > 自動車アクセサリー > 車外アクセサリー,KGJwJH5igvpAzH8XnRQNSa
メンテナンス用品,自動車・オートバイ > 自動車アクセサリー > メンテナンス用品,RGZhB3FH5u7hKGk95UKhuh
ETC,自動車・オートバイ > 自動車アクセサリー > ETC,6juHaQTHidQERZCHTxSyqe
ヘルメット/シールド,自動車・オートバイ > オートバイアクセサリー > ヘルメット/シールド,x9XWPxpodoEHNzhGBzVdvh
バイクウエア/装備,自動車・オートバイ > オートバイアクセサリー > バイクウエア/装備,cH4piNs6ZYQMdt99ThPMeY
アクセサリー,自動車・オートバイ > オートバイアクセサリー > アクセサリー,AoUP7k5YyCo6uU7jRcWhD6
メンテナンス,自動車・オートバイ > オートバイアクセサリー > メンテナンス,KAhJpWzC7sKmPogz3yE3mP
カタログ/マニュアル,自動車・オートバイ > 自動車アクセサリー > カタログ/マニュアル,jmTUTf787ZkqtrtGHY2a8j
カタログ/マニュアル,自動車・オートバイ > オートバイアクセサリー > カタログ/マニュアル,bKYyVFdumwDnMHqegPAXMN
参考書,本・音楽・ゲーム > 本 > 参考書,BvCgAga7gpQnJugWrWUw8e
エプロン,インテリア・住まい・小物 > キッチン/食器 > エプロン,BpnyNFRZsk9sw6zBuBemKd
パウダーアイブロウ,コスメ・香水・美容 > メイクアップ > パウダーアイブロウ,YFAuRpBXbdZ9kxvLpek37b
ボディソープ,コスメ・香水・美容 > ボディケア > ボディソープ,U4w8uv83x3Y6v6njn9inya
ガウチョパンツ,レディース > パンツ > ガウチョパンツ,YcVafCjz8RzQ2EfeENz7xf
チェスターコート,レディース > ジャケット/アウター > チェスターコート,6JjLDxScQuaugh6RD8S8MF
コンディショナー,コスメ・香水・美容 > ヘアケア > コンディショナー,B9KZFFjUeuLXJmoFkRa8v9
魚介類(加工食品),その他 > 食品 > 魚介類(加工食品),tBdcSD83udJzJTMUPCpfiV
肉類(加工食品),その他 > 食品 > 肉類(加工食品),ZWC43UWBob8MWrtkcQXe33
米,その他 > 食品 > 米,HvD33YUu7YAJV8HCndHqma
野菜,その他 > 食品 > 野菜,Rbfk8iMdMEnDN4gw42GpNA
果物,その他 > 食品 > 果物,jFaeXGwacTCZJ7S8t5V8BB
その他 加工食品,その他 > 食品 > その他 加工食品,28VbixN7BHUTZTwWjQP33J
菓子,その他 > 食品 > 菓子,wdDSXnaXwSPbsTHn63ohtc
調味料,その他 > 食品 > 調味料,CRfsnP2H7SeravoG7vgsuU
チェスターコート,メンズ > ジャケット/アウター > チェスターコート,ujnXm5pqhTSv7ckdR9SWnK
ボディミスト,コスメ・香水・美容 > 香水 > ボディミスト,E4H7vgYUZzkJLnyp2Q7ezj
モッズコート,レディース > ジャケット/アウター > モッズコート,kcEoWs8UAiQ9TvAYmugaTm
遊戯王,おもちゃ・ホビー・グッズ > トレーディングカード > 遊戯王,D6m4sfFSyw4FnzCpmzPTTY
その他,スポーツ・レジャー > フィッシング > その他,e344EBPdTpLjZJBtzbXdT7
PCパーツ,家電・スマホ・カメラ > PC/タブレット > PCパーツ,Q2FZT3BgKDPnCtK4kskVCa
パズル/ジグソーパズル,おもちゃ・ホビー・グッズ > その他 > パズル/ジグソーパズル,TDHWnAsBGqB85eNt9QfYsa
スカートスーツ上下,レディース > スーツ/フォーマル/ドレス > スカートスーツ上下,cmwvCKBVk97mjGDrUMKXuC
楽譜/スコア,おもちゃ・ホビー・グッズ > 楽器/器材 > 楽譜/スコア,s7pS9vjLN3jSxQPirBrF9S
邦楽,本・音楽・ゲーム > レコード > 邦楽,Y8fRXXPgivc2U957UwQTUA
洋楽,本・音楽・ゲーム > レコード > 洋楽,rQXZaxCTHYJwurBjB687QC
その他,本・音楽・ゲーム > レコード > その他,BQbiNs5ByiUtcm5at4Lpnf
テント/タープ,スポーツ・レジャー > アウトドア > テント/タープ,ivczy7uQPUov7FkXZuoT5V
ライト/ランタン,スポーツ・レジャー > アウトドア > ライト/ランタン,ZTwRGZ7T8XGKbgtkzB7o8b
寝袋/寝具,スポーツ・レジャー > アウトドア > 寝袋/寝具,42RE9ChhBDjhgrFojDCxTo
テーブル/チェア,スポーツ・レジャー > アウトドア > テーブル/チェア,FtvuaTS3PCUVPF2FKTiF3Q
ストーブ/コンロ,スポーツ・レジャー > アウトドア > ストーブ/コンロ,bXGToDfJZ3QwrB52cchu6E
調理器具,スポーツ・レジャー > アウトドア > 調理器具,DuEme7VzFCWZTAXymsXhLN
食器,スポーツ・レジャー > アウトドア > 食器,7UtQFRirUbnpGNheFG24XZ
ロッド,スポーツ・レジャー > フィッシング > ロッド,FiN5T2k7P72Jekmt2EjshF
リール,スポーツ・レジャー > フィッシング > リール,3pESdKUXcMKzHYsh8TsG57
ルアー用品,スポーツ・レジャー > フィッシング > ルアー用品,rXwAsS8EJ6BgspTZCbcTiA
ウエア,スポーツ・レジャー > フィッシング > ウエア,FienKHo3Z2sBGSpnWydL4L
釣り糸/ライン,スポーツ・レジャー > フィッシング > 釣り糸/ライン,y5G5aUk8sGoQiAwy6DHMAA
ウエア,スポーツ・レジャー > 自転車 > ウエア,z3R6RuXaWJXWCacRJz4fRM
パーツ,スポーツ・レジャー > 自転車 > パーツ,N9aUo7JsfRoaviy58yKGMB
工具/メンテナンス,スポーツ・レジャー > 自転車 > 工具/メンテナンス,5ZcyrFzar4QKvQMaBgYUuV
バッグ,スポーツ・レジャー > 自転車 > バッグ,r67u4e3h2tW2kbzWF2sBD7
その他,スポーツ・レジャー > 自転車 > その他,BQmeheFuU3iJuAoadrMosX
クラブ,スポーツ・レジャー > ゴルフ > クラブ,2qhaoGk2iNPBAmyfnLTj3g
ウエア(男性用),スポーツ・レジャー > ゴルフ > ウエア(男性用),f59Ghzx8CFx3wRReaeMEyZ
ウエア(女性用),スポーツ・レジャー > ゴルフ > ウエア(女性用),v8dAz7V2zKQNx6ASgEA3yC
バッグ,スポーツ・レジャー > ゴルフ > バッグ,S2eQBMjZRk8gpSvzVhvMRH
シューズ(男性用),スポーツ・レジャー > ゴルフ > シューズ(男性用),fjA8xGyaQBX3GoHU4Nma9L
シューズ(女性用),スポーツ・レジャー > ゴルフ > シューズ(女性用),fpT233Ttya8n4h6xLf85Hc
アクセサリー,スポーツ・レジャー > ゴルフ > アクセサリー,hX9vk8dFthT2kuYFZGTg3e
ランニング,スポーツ・レジャー > トレーニング/エクササイズ > ランニング,j24fGGtfPL5AuJCbtCrRrE
ウォーキング,スポーツ・レジャー > トレーニング/エクササイズ > ウォーキング,cAWiwfTHSRkJ88KjYLaY9c
ヨガ,スポーツ・レジャー > トレーニング/エクササイズ > ヨガ,3wb5yQtDPREqCjbeoYLDkV
トレーニング用品,スポーツ・レジャー > トレーニング/エクササイズ > トレーニング用品,n3DBykJN5AuXQXKdMyZvST
その他,スポーツ・レジャー > トレーニング/エクササイズ > その他,GXci3BGAq3FzU3X5nvzPF7
筆記具,その他 > 文房具/事務用品 > 筆記具,5z7KuFyzeVZgo5rfdy6BQH
ノート/メモ帳,その他 > 文房具/事務用品 > ノート/メモ帳,GhBpPxZ8b5BMryksBHwVKm
ファイル/バインダー,その他 > 文房具/事務用品 > ファイル/バインダー,YFWovDRveNYuP8mVkGWGoh
はさみ/カッター,その他 > 文房具/事務用品 > はさみ/カッター,hvMKUAmBNjv9f8Xf9PpnPV
のり/ホッチキス,その他 > 文房具/事務用品 > のり/ホッチキス,6PEZwdnTVaDq5PjLGxLNwg
テープ/マスキングテープ,その他 > 文房具/事務用品 > テープ/マスキングテープ,WG5fNkHsiWJ8v7tfyC8JBV
カードホルダー/名刺管理,その他 > 文房具/事務用品 > カードホルダー/名刺管理,LXj5qy7G8UXg6NqrZXev7H
カレンダー/スケジュール,その他 > 文房具/事務用品 > カレンダー/スケジュール,WymmSXaP2zYNrtwFELb6nP
アルバム/スクラップ,その他 > 文房具/事務用品 > アルバム/スクラップ,VNz3sEELgdd73nir8KN8JG
その他,その他 > 文房具/事務用品 > その他,KJ8NwkrvkMkrNQMfQK9X3X
植物/観葉植物,インテリア・住まい・小物 > インテリア小物 > 植物/観葉植物,ncS3N5CgSDXcRAYS3cTrYF
iPhone用ケース,家電・スマホ・カメラ > スマホアクセサリー > iPhone用ケース,7WtdPf7shXQPMbgF8SNqrJ
自撮り棒,家電・スマホ・カメラ > スマホアクセサリー > 自撮り棒,uqut2UnqW6froLTcEJNDw
ヘッドフォン,家電・スマホ・カメラ > オーディオ機器 > ヘッドフォン,4pC6RnLcSFKu5ac5eaimMW
ブルーレイプレーヤー,家電・スマホ・カメラ > テレビ/映像機器 > ブルーレイプレーヤー,8WFcSWk6VDWX4k9dMerfeY
プロジェクター,家電・スマホ・カメラ > テレビ/映像機器 > プロジェクター,rppkBVkGRmD5mMDGZ9UetQ
映像用ケーブル,家電・スマホ・カメラ > テレビ/映像機器 > 映像用ケーブル,Ngcb29KRsHf4vYbfJZx6qL
エスプレッソマシン,家電・スマホ・カメラ > 生活家電 > エスプレッソマシン,ArkjwN5qBxiiftRH5rBXCG
コーヒーメーカー,家電・スマホ・カメラ > 生活家電 > コーヒーメーカー,q37kNcqFaV2t5zHPoRPYE7
バインディング,スポーツ・レジャー > スノーボード > バインディング,aWVutE4Wdg4qR68dCZVKBZ
ブーツ(男性用),スポーツ・レジャー > スノーボード > ブーツ(男性用),MaDv6LHp6s25gzqJtM98No
ウエア/装備(男性用),スポーツ・レジャー > スノーボード > ウエア/装備(男性用),um6p26tofyNgkjLkUWfVyk
ウエア/装備(女性用),スポーツ・レジャー > スノーボード > ウエア/装備(女性用),sFb9mhziduMsr7m2bbBFj4
ウエア/装備(子ども用),スポーツ・レジャー > スノーボード > ウエア/装備(子ども用),gBwzXLfeXZxsNHkJw9GHrB
アクセサリー,スポーツ・レジャー > スノーボード > アクセサリー,sZ4SYPMmJVoc5kkCAJwZEi
バッグ,スポーツ・レジャー > スノーボード > バッグ,yWn7HoL7pxzLSnHkccxmyj
板,スポーツ・レジャー > スキー > 板,VnUx4w8Spmuw3nM2oyvLTG
ブーツ(男性用),スポーツ・レジャー > スキー > ブーツ(男性用),brJFjujfYXqf4zMxkoRvce
ブーツ(女性用),スポーツ・レジャー > スキー > ブーツ(女性用),VwG2tAeKq4iKSsrHeHuiRS
ブーツ(女性用),スポーツ・レジャー > スノーボード > ブーツ(女性用),XZWsAqBCadFkzqJHNxf7mf
ブーツ(子ども用),スポーツ・レジャー > スノーボード > ブーツ(子ども用),YQQ5pAp8z28vSeiTfQLD2D
ブーツ(子ども用),スポーツ・レジャー > スキー > ブーツ(子ども用),EvMSSjLq4ARJMfncKWcrYK
ビンディング,スポーツ・レジャー > スキー > ビンディング,jjDgiFgVFukHaepky3VRVN
ストック,スポーツ・レジャー > スキー > ストック,DJj4WFSRT5DMPP4nMFNEWY
ウエア(男性用),スポーツ・レジャー > スキー > ウエア(男性用),6Hho9JN4hEcDiwMKkbnkBP
ウエア(女性用),スポーツ・レジャー > スキー > ウエア(女性用),XsJ7B8XZSZTqaLtngn6ji6
ウエア(子ども用),スポーツ・レジャー > スキー > ウエア(子ども用),8QBafEjzN7DAMX9rvZ4otP
その他,スポーツ・レジャー > スキー > その他,BM9JxV33RY4fSDe2Aj9kNf
ケーブル/シールド,家電・スマホ・カメラ > オーディオ機器 > ケーブル/シールド,a345D5Vjbh44zHWwK5ETA4
ヘアアイロン,家電・スマホ・カメラ > 美容/健康 > ヘアアイロン,jaiVkVSh82YoqzayFhNNKS
リラクゼーショングッズ,コスメ・香水・美容 > リラクゼーション > リラクゼーショングッズ,9PnDm26WkYw78FpQfVKkdE
電気シェーバー,家電・スマホ・カメラ > 美容/健康 > 電気シェーバー,KeR2AnTLPDvBGn6f2MjtRU
美容機器,家電・スマホ・カメラ > 美容/健康 > 美容機器,RWJPUu9UskrBZSx8XDDxRD
扇風機,家電・スマホ・カメラ > 冷暖房/空調 > 扇風機,LRP4UMNfxaK2n5ZUhVKNM5
ファンヒーター,家電・スマホ・カメラ > 冷暖房/空調 > ファンヒーター,n7e9UQjbuERWHEYRXCfUkA
除湿機,家電・スマホ・カメラ > 冷暖房/空調 > 除湿機,oDWK8jmGXhqDRdh6WvYZAH
こたつ,家電・スマホ・カメラ > 冷暖房/空調 > こたつ,pkb7kGQYyYizeM7NokDmzP
オイルヒーター,家電・スマホ・カメラ > 冷暖房/空調 > オイルヒーター,EzcXuajNP2oZ3btt9xJdsS
ストーブ,家電・スマホ・カメラ > 冷暖房/空調 > ストーブ,xcoFwVESN42t5RQRgo7XmN
ホットカーペット,家電・スマホ・カメラ > 冷暖房/空調 > ホットカーペット,gzMTnKsRdXsW9mzKTtLqh3
電気ヒーター,家電・スマホ・カメラ > 冷暖房/空調 > 電気ヒーター,oMh6AgBedc6tGvcjuttrVQ
電気毛布,家電・スマホ・カメラ > 冷暖房/空調 > 電気毛布,A7ATd9RmwSwsqZ95t4jtA8
その他,家電・スマホ・カメラ > 冷暖房/空調 > その他,cyTVYw8rMS2nu4XxeDKPbB
ドライブレコーダー,自動車・オートバイ > 自動車アクセサリー > ドライブレコーダー,WrFjixpynEof5AiFFWBgxf
レンズ(ズーム),家電・スマホ・カメラ > カメラ > レンズ(ズーム),U8mgprgbWabdLCxFtqcNW6
工芸品,その他 > アンティーク/コレクション > 工芸品,QAJKzrwhMet59BDiomjieD
雑貨,その他 > アンティーク/コレクション > 雑貨,LD43QCkMGnp5gRffZjGMuK
印刷物,その他 > アンティーク/コレクション > 印刷物,idnK3segXrTGFpBsdscd8f
家具,その他 > アンティーク/コレクション > 家具,JiHaPqtMs2FLps3p7deS9A
その他,その他 > アンティーク/コレクション > その他,4U36pdWP28qNSjbYWPbjcc
ディスプレイ,家電・スマホ・カメラ > PC/タブレット > ディスプレイ,Ukb8j7sYmUF3yT5dgjC6xE
化粧水/ローション,コスメ・香水・美容 > スキンケア/基礎化粧品 > 化粧水/ローション,ntvwRHGQtpMr82quGQigD3
乳液/ミルク,コスメ・香水・美容 > スキンケア/基礎化粧品 > 乳液/ミルク,wZKaRXdhQTA7JuUFLvrkUf
美容液,コスメ・香水・美容 > スキンケア/基礎化粧品 > 美容液,h6FWUPZTrnmsFQcXpXf5E
クレンジング/メイク落とし,コスメ・香水・美容 > スキンケア/基礎化粧品 > クレンジング/メイク落とし,rSGBZoy7Gp5VaSajBQXWo5
洗顔料,コスメ・香水・美容 > スキンケア/基礎化粧品 > 洗顔料,u26jA5VwvtmGXmkRubPsRE
パック/フェイスマスク,コスメ・香水・美容 > スキンケア/基礎化粧品 > パック/フェイスマスク,UYjd5KA7SfsgMYbbx3pTRa
フェイスクリーム,コスメ・香水・美容 > スキンケア/基礎化粧品 > フェイスクリーム,CBkQMtcuw7zZhG66T6NjDn
ジェル/ゲル,コスメ・香水・美容 > スキンケア/基礎化粧品 > ジェル/ゲル,xJRjyqBczWEuESQxPj7Tmh
トライアルセット/サンプル,コスメ・香水・美容 > スキンケア/基礎化粧品 > トライアルセット/サンプル,dEFbNH2jSSirarLPJHYRDV
ブースター/導入液,コスメ・香水・美容 > スキンケア/基礎化粧品 > ブースター/導入液,DSkboxFizD3CREU3JdWS9J
リップケア,コスメ・香水・美容 > スキンケア/基礎化粧品 > リップケア,bs9bKxBLmDEGB7e7MGcp53
アイケア,コスメ・香水・美容 > スキンケア/基礎化粧品 > アイケア,yrJ2NExrQdfjc9jgJrwuFj
洗顔グッズ,コスメ・香水・美容 > スキンケア/基礎化粧品 > 洗顔グッズ,cY4k3JhJ2JYrrozySiYfgn
車内アクセサリー,自動車・オートバイ > 自動車アクセサリー > 車内アクセサリー,x8UCiD8wjqjXV2uHZp9FuV
レーダー探知機,自動車・オートバイ > 自動車アクセサリー > レーダー探知機,9QpSyBXMF2kLUfsZwfn2K3
セキュリティ,自動車・オートバイ > 自動車アクセサリー > セキュリティ,VDLB7py8PxqiAXRbgnhG6K
BBクリーム,コスメ・香水・美容 > ベースメイク > BBクリーム,vcE7Fvpnyf62GETQRm776T
リップグロス,コスメ・香水・美容 > メイクアップ > リップグロス,QAGzpyiuZYKcevG6cEzFdV
フェイスカラー,コスメ・香水・美容 > メイクアップ > フェイスカラー,e9amXyTJ6ZYTc3R7AEK9sX
リップライナー,コスメ・香水・美容 > メイクアップ > リップライナー,ZQn4VBMbrzr5RxYgYxFyyA
眉マスカラ,コスメ・香水・美容 > メイクアップ > 眉マスカラ,svASGnpmNNQKHCWv7ep7cZ
アイブロウペンシル,コスメ・香水・美容 > メイクアップ > アイブロウペンシル,8Sv6tusJoK27QgHKg2sn6C
マジック：ザ・ギャザリング,おもちゃ・ホビー・グッズ > トレーディングカード > マジック：ザ・ギャザリング,iV9pczaBytZwZQGxHf6gqN
ポケモンカードゲーム,おもちゃ・ホビー・グッズ > トレーディングカード > ポケモンカードゲーム,WtVLAXzfyLVVaHkee2ZLcN
デュエルマスターズ,おもちゃ・ホビー・グッズ > トレーディングカード > デュエルマスターズ,x6BLC7AtaHn9ndw6r7KB58
アイカツ,おもちゃ・ホビー・グッズ > トレーディングカード > アイカツ,wQeTKUXgaTgsxGASzVL29m
カードファイト!! ヴァンガード,おもちゃ・ホビー・グッズ > トレーディングカード > カードファイト!! ヴァンガード,4HfWrew4iaLLoCSZePfKUY
ヴァイスシュヴァルツ,おもちゃ・ホビー・グッズ > トレーディングカード > ヴァイスシュヴァルツ,BGTBWuFqW29QceRHkoWcaZ
プロ野球オーナーズリーグ,おもちゃ・ホビー・グッズ > トレーディングカード > プロ野球オーナーズリーグ,ybKyut5YhzmvUpKtpAwMgH
ベースボールヒーローズ,おもちゃ・ホビー・グッズ > トレーディングカード > ベースボールヒーローズ,dhGhjYxJQMnEcavQZrzd2f
ドラゴンボール,おもちゃ・ホビー・グッズ > トレーディングカード > ドラゴンボール,dUKoo5BXphiEMqMpfHjj7d
エフェクター,おもちゃ・ホビー・グッズ > 楽器/器材 > エフェクター,i6z4DeYeHLyA4DcocJErJM
アコースティックギター,おもちゃ・ホビー・グッズ > 楽器/器材 > アコースティックギター,Ng5zvvdQbcwafKisVtwFMQ
トップス,ベビー・キッズ > ベビー服(男の子用)  ~95cm > トップス,ac6okbQ97bWuo6x8Fpu2TN
アウター,ベビー・キッズ > ベビー服(男の子用)  ~95cm > アウター,Bsc434JGc6ZzySqiy9LiyH
パンツ,ベビー・キッズ > ベビー服(男の子用)  ~95cm > パンツ,xBiTtyEuYzxeyyPjWyYkHi
おくるみ,ベビー・キッズ > ベビー服(男の子用)  ~95cm > おくるみ,JetCnrHGbdPTAPsAaVqaNQ
下着/肌着,ベビー・キッズ > ベビー服(男の子用)  ~95cm > 下着/肌着,EMxS6qscxcB6KEek7dMhaN
パジャマ,ベビー・キッズ > ベビー服(男の子用)  ~95cm > パジャマ,gRdcpyW4rytS5s2fWYZbwf
ロンパース,ベビー・キッズ > ベビー服(男の子用)  ~95cm > ロンパース,jFUy9wtgrorZpzYAXMSUGb
その他,ベビー・キッズ > ベビー服(男の子用)  ~95cm > その他,2EWCBo5mKNLrXvUDA5Zoyh
チャイルドシート,自動車・オートバイ > 自動車アクセサリー > チャイルドシート,yWkZ9bFHaka9UrNjdnW2AH
トップス,ベビー・キッズ > ベビー服(男女兼用)  ~95cm > トップス,D5qySAhECmtg6dfCBaCb78
アウター,ベビー・キッズ > ベビー服(男女兼用)  ~95cm > アウター,NbpGT5CngkHxqgMtv7VnWi
パンツ,ベビー・キッズ > ベビー服(男女兼用)  ~95cm > パンツ,EHVmWAKqBPTAYLvnexVjPg
おくるみ,ベビー・キッズ > ベビー服(男女兼用)  ~95cm > おくるみ,sHTHvqjesbszoxbLUYkAjV
下着/肌着,ベビー・キッズ > ベビー服(男女兼用)  ~95cm > 下着/肌着,UW7ArfM6dcV5w6hMG46N9M
パジャマ,ベビー・キッズ > ベビー服(男女兼用)  ~95cm > パジャマ,nne5ew67BA3CuJvaupbHTZ
ロンパース,ベビー・キッズ > ベビー服(男女兼用)  ~95cm > ロンパース,gttejoRoMpZ7SYH5TWerxN
その他,ベビー・キッズ > ベビー服(男女兼用)  ~95cm > その他,m5PT3cxGJ5ZDmVsGo7tXwP
Ingress,ハンドメイド > 二次創作物 > Ingress,oGadpm796S5kiKgMaqDy9k
スリーブ,おもちゃ・ホビー・グッズ > トレーディングカード > スリーブ,UwZB3wZMqde3mhEzL8BMq
プリパラ,おもちゃ・ホビー・グッズ > トレーディングカード > プリパラ,p5Ru2NjCxq63tXwoU7HNGY
バトルスピリッツ,おもちゃ・ホビー・グッズ > トレーディングカード > バトルスピリッツ,ze7aXmJgBDiuJs6Zj6RABC
クリエイターズ宇宙兄弟,ハンドメイド > 二次創作物 > クリエイターズ宇宙兄弟,HaKnrgTbe4jn5e24PfbQLZ
下着,レディース > その他 > 下着,sdYZVknEYS7EcAm3dH3b3R
その他,自動車・オートバイ > 自動車タイヤ/ホイール > その他,aVAh6Xtc5qUv3XHA4BTQfh
サスペンション,自動車・オートバイ > 自動車パーツ > サスペンション,Cm7dDYB7oyj2CwnSnAwS4L
ブレーキ,自動車・オートバイ > 自動車パーツ > ブレーキ,HEu4CvtULHWCtbdnCMraeY
外装、エアロパーツ,自動車・オートバイ > 自動車パーツ > 外装、エアロパーツ,fHNC6RfPMBiGd6M89KAZbh
ライト,自動車・オートバイ > 自動車パーツ > ライト,MHsPU4z4jQgQWc32JXyX7P
内装品、シート,自動車・オートバイ > 自動車パーツ > 内装品、シート,W9cmLsvyWTZr9ZN3M8Q7Sc
ステアリング,自動車・オートバイ > 自動車パーツ > ステアリング,wUkk2ttzR8aJyRiRZs67EA
マフラー・排気系,自動車・オートバイ > 自動車パーツ > マフラー・排気系,NHuz7XydrCrajB4JLB3nnV
エンジン、過給器、冷却装置,自動車・オートバイ > 自動車パーツ > エンジン、過給器、冷却装置,GMKy3mV2JVFxxDWLpPhzj8
クラッチ、ミッション、駆動系,自動車・オートバイ > 自動車パーツ > クラッチ、ミッション、駆動系,bsEGHf9RWroKsE956Yv4iV
電装品,自動車・オートバイ > 自動車パーツ > 電装品,koYVDj8yx5pRKjAgaQGkfi
補強パーツ,自動車・オートバイ > 自動車パーツ > 補強パーツ,pwzd5GVVcnSnd6zFUtvLfP
その他,自動車・オートバイ > 自動車パーツ > その他,S6L2T4w4zhXFRdAEnYq6M6
タイヤ,自動車・オートバイ > オートバイパーツ > タイヤ,idJBfFoG5rKy25eeMmZTmG
マフラー,自動車・オートバイ > オートバイパーツ > マフラー,SBXhRH8JeUseYhg55iCMGo
エンジン、冷却装置,自動車・オートバイ > オートバイパーツ > エンジン、冷却装置,VoAofcuDczGm4bW942yaZa
カウル、フェンダー、外装,自動車・オートバイ > オートバイパーツ > カウル、フェンダー、外装,T79yCCwYTYhBjJ2XmWxkob
サスペンション,自動車・オートバイ > オートバイパーツ > サスペンション,8hjnvAUHCQeSnzCMhg6676
ホイール,自動車・オートバイ > オートバイパーツ > ホイール,Uy8keARcBWDdJnPQmaTYHc
シート,自動車・オートバイ > オートバイパーツ > シート,VJyuTwLAtbcPoCb85mfRUX
ブレーキ,自動車・オートバイ > オートバイパーツ > ブレーキ,mxJY5ezDvGNgrij2kge6t4
タンク,自動車・オートバイ > オートバイパーツ > タンク,hhiFoy5JKpQx2dPaGxrzhB
ライト、ウィンカー,自動車・オートバイ > オートバイパーツ > ライト、ウィンカー,p8X9iQRuJPSVfLoUqH3vg8
チェーン、スプロケット、駆動系,自動車・オートバイ > オートバイパーツ > チェーン、スプロケット、駆動系,qGxBswabF7ve2sxB6VzrW3
メーター,自動車・オートバイ > オートバイパーツ > メーター,R2o6w5MtoQ9r9hcVLDp2nJ
電装系,自動車・オートバイ > オートバイパーツ > 電装系,SRmja4LmYxggvAUxTocLnY
ミラー,自動車・オートバイ > オートバイパーツ > ミラー,cEqSqw8juFCTeKScRguyK9
その他,自動車・オートバイ > オートバイパーツ > その他,urtjUkanLVrMohJdWDDzdA
ウェア,スポーツ・レジャー > 野球 > ウェア,awbHmvatQoVm4bhhnYjHNY
シューズ,スポーツ・レジャー > 野球 > シューズ,ageL6AzLHadXc6mEkAntKW
グローブ,スポーツ・レジャー > 野球 > グローブ,Bv9uLxGVQtwdsyMD6sbKoW
バット,スポーツ・レジャー > 野球 > バット,jMMPvWspgiDeso8PLxRKSH
アクセサリー,スポーツ・レジャー > 野球 > アクセサリー,t8bymvL8YS9DvucpMXmBHh
防具,スポーツ・レジャー > 野球 > 防具,tzLHrKX9CPM8MvA5TaWh65
練習機器,スポーツ・レジャー > 野球 > 練習機器,6xpoEETa6uoCeMbmg3qmSC
記念グッズ,スポーツ・レジャー > 野球 > 記念グッズ,5eCSpqcXFg58NDVDWo8LB6
応援グッズ,スポーツ・レジャー > 野球 > 応援グッズ,uJX7CUgeD73m8akuD5bMFm
その他,スポーツ・レジャー > 野球 > その他,uNxTtigeQ64Taf67kvDX53
ウェア,スポーツ・レジャー > サッカー/フットサル > ウェア,geEGCYwLsc6org8r95Y8wL
シューズ,スポーツ・レジャー > サッカー/フットサル > シューズ,5n6EFr3ThtFUrp2jvesvwB
ボール,スポーツ・レジャー > サッカー/フットサル > ボール,qswD2dMFSRbYWfFxc46ktf
アクセサリー,スポーツ・レジャー > サッカー/フットサル > アクセサリー,NCFHw2it6bcdT85TJF2eRL
記念グッズ,スポーツ・レジャー > サッカー/フットサル > 記念グッズ,TSLpuWHxaEmMDfMwuUXVU
応援グッズ,スポーツ・レジャー > サッカー/フットサル > 応援グッズ,yRHK4Ku3UffpDyRHBi2jxH
その他,スポーツ・レジャー > サッカー/フットサル > その他,Z4WVq2Vn6hNUdf3dEW8J6d
ラケット(硬式用),スポーツ・レジャー > テニス > ラケット(硬式用),xCeoxe4ZkT224h5zst7mSd
ラケット(軟式用),スポーツ・レジャー > テニス > ラケット(軟式用),Utbb2yLh8eUwHaXt84Fy4d
ウェア,スポーツ・レジャー > テニス > ウェア,anGyX8skt9ZH85BuV67887
シューズ,スポーツ・レジャー > テニス > シューズ,ogxbyqFMdX6ZZYcSyiMU34
ボール,スポーツ・レジャー > テニス > ボール,E5y7tYAQgvfNr3XaXx6h8J
アクセサリー,スポーツ・レジャー > テニス > アクセサリー,eQsVE6veKBHpEYTNzeQpeZ
記念グッズ,スポーツ・レジャー > テニス > 記念グッズ,wkSUDXLyNZMPZmZCnPkfiF
応援グッズ,スポーツ・レジャー > テニス > 応援グッズ,RLZTkzwHMWrqASbz2dpDNc
その他,スポーツ・レジャー > テニス > その他,vgBkdApEqJ9XXmkBHRC3eb
コントロールカラー,コスメ・香水・美容 > ベースメイク > コントロールカラー,rwCNnAEwGqCYc9garhoiJ
CCクリーム,コスメ・香水・美容 > ベースメイク > CCクリーム,MVMX5QioaxYWufzjypLoXc
その他,コスメ・香水・美容 > メイクアップ > その他,2d8BsBjKyxgBE8iyuTcWJh
カラージェル,コスメ・香水・美容 > ネイルケア > カラージェル,rnGsLknWjjMrUjXo6uMyri
ネイルベースコート/トップコート,コスメ・香水・美容 > ネイルケア > ネイルベースコート/トップコート,cai8WWB84CCWdDgoVUvf8Z
ネイルパーツ,コスメ・香水・美容 > ネイルケア > ネイルパーツ,E7CVSNj3z3SCnbsF4XAkBC
除光液,コスメ・香水・美容 > ネイルケア > 除光液,d6pdQhEWChTZXeRje42Mq5
コーヒー,その他 > 飲料/酒 > コーヒー,e4Ze9nFk9XyUMVwwy8kFPS
ソフトドリンク,その他 > 飲料/酒 > ソフトドリンク,43xMgAnVgJo4RtJvsGCYgh
ミネラルウォーター,その他 > 飲料/酒 > ミネラルウォーター,LCE9ZzVJSQ8m56oHKv9FMb
茶,その他 > 飲料/酒 > 茶,b5meHGpHvzFTibMFuwRwyF
ウイスキー,その他 > 飲料/酒 > ウイスキー,ij8ktzYeQLEAggSQkFDtAU
ワイン,その他 > 飲料/酒 > ワイン,qWau8hXQP9iXgr6a5tFg4E
ブランデー,その他 > 飲料/酒 > ブランデー,dWRTSgo3MSVtbaYJ7MEufP
焼酎,その他 > 飲料/酒 > 焼酎,aBzmPTV5icttgSbpkmJY74
日本酒,その他 > 飲料/酒 > 日本酒,JYAQXSBqpBCtGTLwgAmwLN
ビール、発泡酒,その他 > 飲料/酒 > ビール、発泡酒,h6TWcXfiPtRSFGyWeKAvjJ
その他,その他 > 飲料/酒 > その他,XeUXfGPBkqNfCyGGcMy8x
トライアルセット/サンプル,コスメ・香水・美容 > メイクアップ > トライアルセット/サンプル,ETWD3M6RWNKmmx2gzG6XT4